ISO-10303-21;
HEADER;
FILE_DESCRIPTION(('Open CASCADE Model'),'2;1');
FILE_NAME('Open CASCADE Shape Model','2026-09-25T14:06:04',('Author'),(
    'Open CASCADE'),'Open CASCADE STEP processor 8.0','build123d',
  'Unknown');
FILE_SCHEMA(('AUTOMOTIVE_DESIGN { 1 0 10303 214 1 1 1 1 }'));
ENDSEC;
DATA;
#1 = APPLICATION_PROTOCOL_DEFINITION('international standard',
  'automotive_design',2000,#2);
#2 = APPLICATION_CONTEXT(
  'core data for automotive mechanical design processes');
#3 = SHAPE_DEFINITION_REPRESENTATION(#4,#10);
#4 = PRODUCT_DEFINITION_SHAPE('','',#5);
#5 = PRODUCT_DEFINITION('design','',#6,#9);
#6 = PRODUCT_DEFINITION_FORMATION('','',#7);
#7 = PRODUCT('COMPOUND','COMPOUND','',(#8));
#8 = PRODUCT_CONTEXT('',#2,'mechanical');
#9 = PRODUCT_DEFINITION_CONTEXT('part definition',#2,'design');
#10 = SHAPE_REPRESENTATION('',(#11,#15,#19,#23),#27);
#11 = AXIS2_PLACEMENT_3D('',#12,#13,#14);
#12 = CARTESIAN_POINT('',(0.,0.,0.));
#13 = DIRECTION('',(0.,0.,1.));
#14 = DIRECTION('',(1.,0.,-0.));
#15 = AXIS2_PLACEMENT_3D('',#16,#17,#18);
#16 = CARTESIAN_POINT('',(0.,0.,0.));
#17 = DIRECTION('',(0.,0.,1.));
#18 = DIRECTION('',(1.,0.,-0.));
#19 = AXIS2_PLACEMENT_3D('',#20,#21,#22);
#20 = CARTESIAN_POINT('',(-640.,400.81000784275,420.));
#21 = DIRECTION('',(0.,0.,1.));
#22 = DIRECTION('',(1.,0.,-0.));
#23 = AXIS2_PLACEMENT_3D('',#24,#25,#26);
#24 = CARTESIAN_POINT('',(0.,0.,0.));
#25 = DIRECTION('',(0.,0.,1.));
#26 = DIRECTION('',(1.,0.,-0.));
#27 = ( GEOMETRIC_REPRESENTATION_CONTEXT(3) 
GLOBAL_UNCERTAINTY_ASSIGNED_CONTEXT((#31)) GLOBAL_UNIT_ASSIGNED_CONTEXT(
(#28,#29,#30)) REPRESENTATION_CONTEXT('Context #1',
  '3D Context with UNIT and UNCERTAINTY') );
#28 = ( LENGTH_UNIT() NAMED_UNIT(*) SI_UNIT(.MILLI.,.METRE.) );
#29 = ( NAMED_UNIT(*) PLANE_ANGLE_UNIT() SI_UNIT($,.RADIAN.) );
#30 = ( NAMED_UNIT(*) SI_UNIT($,.STERADIAN.) SOLID_ANGLE_UNIT() );
#31 = UNCERTAINTY_MEASURE_WITH_UNIT(LENGTH_MEASURE(2.E-07),#28,
  'distance_accuracy_value','confusion accuracy');
#32 = PRODUCT_RELATED_PRODUCT_CATEGORY('part',$,(#7));
#33 = SHAPE_DEFINITION_REPRESENTATION(#34,#40);
#34 = PRODUCT_DEFINITION_SHAPE('','',#35);
#35 = PRODUCT_DEFINITION('design','',#36,#39);
#36 = PRODUCT_DEFINITION_FORMATION('','',#37);
#37 = PRODUCT('COMPOUND','COMPOUND','',(#38));
#38 = PRODUCT_CONTEXT('',#2,'mechanical');
#39 = PRODUCT_DEFINITION_CONTEXT('part definition',#2,'design');
#40 = ADVANCED_BREP_SHAPE_REPRESENTATION('',(#11,#41),#1284);
#41 = MANIFOLD_SOLID_BREP('',#42);
#42 = CLOSED_SHELL('',(#43,#163,#239,#288,#337,#422,#457,#1160,#1271,
    #1275,#1279));
#43 = ADVANCED_FACE('',(#44),#58,.F.);
#44 = FACE_BOUND('',#45,.F.);
#45 = EDGE_LOOP('',(#46,#81,#109,#137));
#46 = ORIENTED_EDGE('',*,*,#47,.F.);
#47 = EDGE_CURVE('',#48,#50,#52,.T.);
#48 = VERTEX_POINT('',#49);
#49 = CARTESIAN_POINT('',(160.,338.80683236969,1.256674682453E+03));
#50 = VERTEX_POINT('',#51);
#51 = CARTESIAN_POINT('',(160.,326.30683236969,1.278325317547E+03));
#52 = SURFACE_CURVE('',#53,(#57,#69),.PCURVE_S1.);
#53 = LINE('',#54,#55);
#54 = CARTESIAN_POINT('',(160.,338.80683236969,1.256674682453E+03));
#55 = VECTOR('',#56,1.);
#56 = DIRECTION('',(0.,-0.5,0.866025403784));
#57 = PCURVE('',#58,#63);
#58 = PLANE('',#59);
#59 = AXIS2_PLACEMENT_3D('',#60,#61,#62);
#60 = CARTESIAN_POINT('',(160.,338.80683236969,1.256674682453E+03));
#61 = DIRECTION('',(1.,0.,0.));
#62 = DIRECTION('',(0.,-0.5,0.866025403784));
#63 = DEFINITIONAL_REPRESENTATION('',(#64),#68);
#64 = LINE('',#65,#66);
#65 = CARTESIAN_POINT('',(0.,0.));
#66 = VECTOR('',#67,1.);
#67 = DIRECTION('',(1.,0.));
#68 = ( GEOMETRIC_REPRESENTATION_CONTEXT(2) 
PARAMETRIC_REPRESENTATION_CONTEXT() REPRESENTATION_CONTEXT('2D SPACE',''
  ) );
#69 = PCURVE('',#70,#75);
#70 = PLANE('',#71);
#71 = AXIS2_PLACEMENT_3D('',#72,#73,#74);
#72 = CARTESIAN_POINT('',(160.,338.80683236969,1.256674682453E+03));
#73 = DIRECTION('',(0.,0.866025403784,0.5));
#74 = DIRECTION('',(0.,-0.5,0.866025403784));
#75 = DEFINITIONAL_REPRESENTATION('',(#76),#80);
#76 = LINE('',#77,#78);
#77 = CARTESIAN_POINT('',(0.,0.));
#78 = VECTOR('',#79,1.);
#79 = DIRECTION('',(1.,0.));
#80 = ( GEOMETRIC_REPRESENTATION_CONTEXT(2) 
PARAMETRIC_REPRESENTATION_CONTEXT() REPRESENTATION_CONTEXT('2D SPACE',''
  ) );
#81 = ORIENTED_EDGE('',*,*,#82,.T.);
#82 = EDGE_CURVE('',#48,#83,#85,.T.);
#83 = VERTEX_POINT('',#84);
#84 = CARTESIAN_POINT('',(160.,555.3131833158,1.381674682453E+03));
#85 = SURFACE_CURVE('',#86,(#90,#97),.PCURVE_S1.);
#86 = LINE('',#87,#88);
#87 = CARTESIAN_POINT('',(160.,338.80683236969,1.256674682453E+03));
#88 = VECTOR('',#89,1.);
#89 = DIRECTION('',(0.,0.866025403784,0.5));
#90 = PCURVE('',#58,#91);
#91 = DEFINITIONAL_REPRESENTATION('',(#92),#96);
#92 = LINE('',#93,#94);
#93 = CARTESIAN_POINT('',(0.,0.));
#94 = VECTOR('',#95,1.);
#95 = DIRECTION('',(0.,-1.));
#96 = ( GEOMETRIC_REPRESENTATION_CONTEXT(2) 
PARAMETRIC_REPRESENTATION_CONTEXT() REPRESENTATION_CONTEXT('2D SPACE',''
  ) );
#97 = PCURVE('',#98,#103);
#98 = PLANE('',#99);
#99 = AXIS2_PLACEMENT_3D('',#100,#101,#102);
#100 = CARTESIAN_POINT('',(160.,338.80683236969,1.256674682453E+03));
#101 = DIRECTION('',(0.,-0.5,0.866025403784));
#102 = DIRECTION('',(1.,0.,0.));
#103 = DEFINITIONAL_REPRESENTATION('',(#104),#108);
#104 = LINE('',#105,#106);
#105 = CARTESIAN_POINT('',(0.,0.));
#106 = VECTOR('',#107,1.);
#107 = DIRECTION('',(0.,1.));
#108 = ( GEOMETRIC_REPRESENTATION_CONTEXT(2) 
PARAMETRIC_REPRESENTATION_CONTEXT() REPRESENTATION_CONTEXT('2D SPACE',''
  ) );
#109 = ORIENTED_EDGE('',*,*,#110,.T.);
#110 = EDGE_CURVE('',#83,#111,#113,.T.);
#111 = VERTEX_POINT('',#112);
#112 = CARTESIAN_POINT('',(160.,542.8131833158,1.403325317547E+03));
#113 = SURFACE_CURVE('',#114,(#118,#125),.PCURVE_S1.);
#114 = LINE('',#115,#116);
#115 = CARTESIAN_POINT('',(160.,555.3131833158,1.381674682453E+03));
#116 = VECTOR('',#117,1.);
#117 = DIRECTION('',(0.,-0.5,0.866025403784));
#118 = PCURVE('',#58,#119);
#119 = DEFINITIONAL_REPRESENTATION('',(#120),#124);
#120 = LINE('',#121,#122);
#121 = CARTESIAN_POINT('',(0.,-250.));
#122 = VECTOR('',#123,1.);
#123 = DIRECTION('',(1.,0.));
#124 = ( GEOMETRIC_REPRESENTATION_CONTEXT(2) 
PARAMETRIC_REPRESENTATION_CONTEXT() REPRESENTATION_CONTEXT('2D SPACE',''
  ) );
#125 = PCURVE('',#126,#131);
#126 = PLANE('',#127);
#127 = AXIS2_PLACEMENT_3D('',#128,#129,#130);
#128 = CARTESIAN_POINT('',(160.,555.3131833158,1.381674682453E+03));
#129 = DIRECTION('',(0.,0.866025403784,0.5));
#130 = DIRECTION('',(0.,-0.5,0.866025403784));
#131 = DEFINITIONAL_REPRESENTATION('',(#132),#136);
#132 = LINE('',#133,#134);
#133 = CARTESIAN_POINT('',(0.,0.));
#134 = VECTOR('',#135,1.);
#135 = DIRECTION('',(1.,0.));
#136 = ( GEOMETRIC_REPRESENTATION_CONTEXT(2) 
PARAMETRIC_REPRESENTATION_CONTEXT() REPRESENTATION_CONTEXT('2D SPACE',''
  ) );
#137 = ORIENTED_EDGE('',*,*,#138,.F.);
#138 = EDGE_CURVE('',#50,#111,#139,.T.);
#139 = SURFACE_CURVE('',#140,(#144,#151),.PCURVE_S1.);
#140 = LINE('',#141,#142);
#141 = CARTESIAN_POINT('',(160.,326.30683236969,1.278325317547E+03));
#142 = VECTOR('',#143,1.);
#143 = DIRECTION('',(0.,0.866025403784,0.5));
#144 = PCURVE('',#58,#145);
#145 = DEFINITIONAL_REPRESENTATION('',(#146),#150);
#146 = LINE('',#147,#148);
#147 = CARTESIAN_POINT('',(25.,0.));
#148 = VECTOR('',#149,1.);
#149 = DIRECTION('',(0.,-1.));
#150 = ( GEOMETRIC_REPRESENTATION_CONTEXT(2) 
PARAMETRIC_REPRESENTATION_CONTEXT() REPRESENTATION_CONTEXT('2D SPACE',''
  ) );
#151 = PCURVE('',#152,#157);
#152 = PLANE('',#153);
#153 = AXIS2_PLACEMENT_3D('',#154,#155,#156);
#154 = CARTESIAN_POINT('',(160.,326.30683236969,1.278325317547E+03));
#155 = DIRECTION('',(0.,-0.5,0.866025403784));
#156 = DIRECTION('',(1.,0.,0.));
#157 = DEFINITIONAL_REPRESENTATION('',(#158),#162);
#158 = LINE('',#159,#160);
#159 = CARTESIAN_POINT('',(0.,0.));
#160 = VECTOR('',#161,1.);
#161 = DIRECTION('',(0.,1.));
#162 = ( GEOMETRIC_REPRESENTATION_CONTEXT(2) 
PARAMETRIC_REPRESENTATION_CONTEXT() REPRESENTATION_CONTEXT('2D SPACE',''
  ) );
#163 = ADVANCED_FACE('',(#164),#70,.F.);
#164 = FACE_BOUND('',#165,.F.);
#165 = EDGE_LOOP('',(#166,#189,#190,#213));
#166 = ORIENTED_EDGE('',*,*,#167,.F.);
#167 = EDGE_CURVE('',#48,#168,#170,.T.);
#168 = VERTEX_POINT('',#169);
#169 = CARTESIAN_POINT('',(500.,338.80683236969,1.256674682453E+03));
#170 = SURFACE_CURVE('',#171,(#175,#182),.PCURVE_S1.);
#171 = LINE('',#172,#173);
#172 = CARTESIAN_POINT('',(160.,338.80683236969,1.256674682453E+03));
#173 = VECTOR('',#174,1.);
#174 = DIRECTION('',(1.,0.,0.));
#175 = PCURVE('',#70,#176);
#176 = DEFINITIONAL_REPRESENTATION('',(#177),#181);
#177 = LINE('',#178,#179);
#178 = CARTESIAN_POINT('',(0.,0.));
#179 = VECTOR('',#180,1.);
#180 = DIRECTION('',(0.,1.));
#181 = ( GEOMETRIC_REPRESENTATION_CONTEXT(2) 
PARAMETRIC_REPRESENTATION_CONTEXT() REPRESENTATION_CONTEXT('2D SPACE',''
  ) );
#182 = PCURVE('',#98,#183);
#183 = DEFINITIONAL_REPRESENTATION('',(#184),#188);
#184 = LINE('',#185,#186);
#185 = CARTESIAN_POINT('',(0.,0.));
#186 = VECTOR('',#187,1.);
#187 = DIRECTION('',(1.,0.));
#188 = ( GEOMETRIC_REPRESENTATION_CONTEXT(2) 
PARAMETRIC_REPRESENTATION_CONTEXT() REPRESENTATION_CONTEXT('2D SPACE',''
  ) );
#189 = ORIENTED_EDGE('',*,*,#47,.T.);
#190 = ORIENTED_EDGE('',*,*,#191,.T.);
#191 = EDGE_CURVE('',#50,#192,#194,.T.);
#192 = VERTEX_POINT('',#193);
#193 = CARTESIAN_POINT('',(500.,326.30683236969,1.278325317547E+03));
#194 = SURFACE_CURVE('',#195,(#199,#206),.PCURVE_S1.);
#195 = LINE('',#196,#197);
#196 = CARTESIAN_POINT('',(160.,326.30683236969,1.278325317547E+03));
#197 = VECTOR('',#198,1.);
#198 = DIRECTION('',(1.,0.,0.));
#199 = PCURVE('',#70,#200);
#200 = DEFINITIONAL_REPRESENTATION('',(#201),#205);
#201 = LINE('',#202,#203);
#202 = CARTESIAN_POINT('',(25.,0.));
#203 = VECTOR('',#204,1.);
#204 = DIRECTION('',(0.,1.));
#205 = ( GEOMETRIC_REPRESENTATION_CONTEXT(2) 
PARAMETRIC_REPRESENTATION_CONTEXT() REPRESENTATION_CONTEXT('2D SPACE',''
  ) );
#206 = PCURVE('',#152,#207);
#207 = DEFINITIONAL_REPRESENTATION('',(#208),#212);
#208 = LINE('',#209,#210);
#209 = CARTESIAN_POINT('',(0.,0.));
#210 = VECTOR('',#211,1.);
#211 = DIRECTION('',(1.,0.));
#212 = ( GEOMETRIC_REPRESENTATION_CONTEXT(2) 
PARAMETRIC_REPRESENTATION_CONTEXT() REPRESENTATION_CONTEXT('2D SPACE',''
  ) );
#213 = ORIENTED_EDGE('',*,*,#214,.F.);
#214 = EDGE_CURVE('',#168,#192,#215,.T.);
#215 = SURFACE_CURVE('',#216,(#220,#227),.PCURVE_S1.);
#216 = LINE('',#217,#218);
#217 = CARTESIAN_POINT('',(500.,338.80683236969,1.256674682453E+03));
#218 = VECTOR('',#219,1.);
#219 = DIRECTION('',(0.,-0.5,0.866025403784));
#220 = PCURVE('',#70,#221);
#221 = DEFINITIONAL_REPRESENTATION('',(#222),#226);
#222 = LINE('',#223,#224);
#223 = CARTESIAN_POINT('',(0.,340.));
#224 = VECTOR('',#225,1.);
#225 = DIRECTION('',(1.,0.));
#226 = ( GEOMETRIC_REPRESENTATION_CONTEXT(2) 
PARAMETRIC_REPRESENTATION_CONTEXT() REPRESENTATION_CONTEXT('2D SPACE',''
  ) );
#227 = PCURVE('',#228,#233);
#228 = PLANE('',#229);
#229 = AXIS2_PLACEMENT_3D('',#230,#231,#232);
#230 = CARTESIAN_POINT('',(500.,338.80683236969,1.256674682453E+03));
#231 = DIRECTION('',(1.,0.,0.));
#232 = DIRECTION('',(0.,-0.5,0.866025403784));
#233 = DEFINITIONAL_REPRESENTATION('',(#234),#238);
#234 = LINE('',#235,#236);
#235 = CARTESIAN_POINT('',(0.,0.));
#236 = VECTOR('',#237,1.);
#237 = DIRECTION('',(1.,0.));
#238 = ( GEOMETRIC_REPRESENTATION_CONTEXT(2) 
PARAMETRIC_REPRESENTATION_CONTEXT() REPRESENTATION_CONTEXT('2D SPACE',''
  ) );
#239 = ADVANCED_FACE('',(#240),#152,.T.);
#240 = FACE_BOUND('',#241,.T.);
#241 = EDGE_LOOP('',(#242,#243,#244,#267));
#242 = ORIENTED_EDGE('',*,*,#138,.F.);
#243 = ORIENTED_EDGE('',*,*,#191,.T.);
#244 = ORIENTED_EDGE('',*,*,#245,.T.);
#245 = EDGE_CURVE('',#192,#246,#248,.T.);
#246 = VERTEX_POINT('',#247);
#247 = CARTESIAN_POINT('',(500.,542.8131833158,1.403325317547E+03));
#248 = SURFACE_CURVE('',#249,(#253,#260),.PCURVE_S1.);
#249 = LINE('',#250,#251);
#250 = CARTESIAN_POINT('',(500.,326.30683236969,1.278325317547E+03));
#251 = VECTOR('',#252,1.);
#252 = DIRECTION('',(0.,0.866025403784,0.5));
#253 = PCURVE('',#152,#254);
#254 = DEFINITIONAL_REPRESENTATION('',(#255),#259);
#255 = LINE('',#256,#257);
#256 = CARTESIAN_POINT('',(340.,0.));
#257 = VECTOR('',#258,1.);
#258 = DIRECTION('',(0.,1.));
#259 = ( GEOMETRIC_REPRESENTATION_CONTEXT(2) 
PARAMETRIC_REPRESENTATION_CONTEXT() REPRESENTATION_CONTEXT('2D SPACE',''
  ) );
#260 = PCURVE('',#228,#261);
#261 = DEFINITIONAL_REPRESENTATION('',(#262),#266);
#262 = LINE('',#263,#264);
#263 = CARTESIAN_POINT('',(25.,0.));
#264 = VECTOR('',#265,1.);
#265 = DIRECTION('',(0.,-1.));
#266 = ( GEOMETRIC_REPRESENTATION_CONTEXT(2) 
PARAMETRIC_REPRESENTATION_CONTEXT() REPRESENTATION_CONTEXT('2D SPACE',''
  ) );
#267 = ORIENTED_EDGE('',*,*,#268,.F.);
#268 = EDGE_CURVE('',#111,#246,#269,.T.);
#269 = SURFACE_CURVE('',#270,(#274,#281),.PCURVE_S1.);
#270 = LINE('',#271,#272);
#271 = CARTESIAN_POINT('',(160.,542.8131833158,1.403325317547E+03));
#272 = VECTOR('',#273,1.);
#273 = DIRECTION('',(1.,0.,0.));
#274 = PCURVE('',#152,#275);
#275 = DEFINITIONAL_REPRESENTATION('',(#276),#280);
#276 = LINE('',#277,#278);
#277 = CARTESIAN_POINT('',(0.,250.));
#278 = VECTOR('',#279,1.);
#279 = DIRECTION('',(1.,0.));
#280 = ( GEOMETRIC_REPRESENTATION_CONTEXT(2) 
PARAMETRIC_REPRESENTATION_CONTEXT() REPRESENTATION_CONTEXT('2D SPACE',''
  ) );
#281 = PCURVE('',#126,#282);
#282 = DEFINITIONAL_REPRESENTATION('',(#283),#287);
#283 = LINE('',#284,#285);
#284 = CARTESIAN_POINT('',(25.,0.));
#285 = VECTOR('',#286,1.);
#286 = DIRECTION('',(0.,1.));
#287 = ( GEOMETRIC_REPRESENTATION_CONTEXT(2) 
PARAMETRIC_REPRESENTATION_CONTEXT() REPRESENTATION_CONTEXT('2D SPACE',''
  ) );
#288 = ADVANCED_FACE('',(#289),#126,.T.);
#289 = FACE_BOUND('',#290,.T.);
#290 = EDGE_LOOP('',(#291,#314,#315,#316));
#291 = ORIENTED_EDGE('',*,*,#292,.F.);
#292 = EDGE_CURVE('',#83,#293,#295,.T.);
#293 = VERTEX_POINT('',#294);
#294 = CARTESIAN_POINT('',(500.,555.3131833158,1.381674682453E+03));
#295 = SURFACE_CURVE('',#296,(#300,#307),.PCURVE_S1.);
#296 = LINE('',#297,#298);
#297 = CARTESIAN_POINT('',(160.,555.3131833158,1.381674682453E+03));
#298 = VECTOR('',#299,1.);
#299 = DIRECTION('',(1.,0.,0.));
#300 = PCURVE('',#126,#301);
#301 = DEFINITIONAL_REPRESENTATION('',(#302),#306);
#302 = LINE('',#303,#304);
#303 = CARTESIAN_POINT('',(0.,0.));
#304 = VECTOR('',#305,1.);
#305 = DIRECTION('',(0.,1.));
#306 = ( GEOMETRIC_REPRESENTATION_CONTEXT(2) 
PARAMETRIC_REPRESENTATION_CONTEXT() REPRESENTATION_CONTEXT('2D SPACE',''
  ) );
#307 = PCURVE('',#98,#308);
#308 = DEFINITIONAL_REPRESENTATION('',(#309),#313);
#309 = LINE('',#310,#311);
#310 = CARTESIAN_POINT('',(0.,250.));
#311 = VECTOR('',#312,1.);
#312 = DIRECTION('',(1.,0.));
#313 = ( GEOMETRIC_REPRESENTATION_CONTEXT(2) 
PARAMETRIC_REPRESENTATION_CONTEXT() REPRESENTATION_CONTEXT('2D SPACE',''
  ) );
#314 = ORIENTED_EDGE('',*,*,#110,.T.);
#315 = ORIENTED_EDGE('',*,*,#268,.T.);
#316 = ORIENTED_EDGE('',*,*,#317,.F.);
#317 = EDGE_CURVE('',#293,#246,#318,.T.);
#318 = SURFACE_CURVE('',#319,(#323,#330),.PCURVE_S1.);
#319 = LINE('',#320,#321);
#320 = CARTESIAN_POINT('',(500.,555.3131833158,1.381674682453E+03));
#321 = VECTOR('',#322,1.);
#322 = DIRECTION('',(0.,-0.5,0.866025403784));
#323 = PCURVE('',#126,#324);
#324 = DEFINITIONAL_REPRESENTATION('',(#325),#329);
#325 = LINE('',#326,#327);
#326 = CARTESIAN_POINT('',(0.,340.));
#327 = VECTOR('',#328,1.);
#328 = DIRECTION('',(1.,0.));
#329 = ( GEOMETRIC_REPRESENTATION_CONTEXT(2) 
PARAMETRIC_REPRESENTATION_CONTEXT() REPRESENTATION_CONTEXT('2D SPACE',''
  ) );
#330 = PCURVE('',#228,#331);
#331 = DEFINITIONAL_REPRESENTATION('',(#332),#336);
#332 = LINE('',#333,#334);
#333 = CARTESIAN_POINT('',(0.,-250.));
#334 = VECTOR('',#335,1.);
#335 = DIRECTION('',(1.,0.));
#336 = ( GEOMETRIC_REPRESENTATION_CONTEXT(2) 
PARAMETRIC_REPRESENTATION_CONTEXT() REPRESENTATION_CONTEXT('2D SPACE',''
  ) );
#337 = ADVANCED_FACE('',(#338),#98,.F.);
#338 = FACE_BOUND('',#339,.F.);
#339 = EDGE_LOOP('',(#340,#341,#342,#343,#366,#401));
#340 = ORIENTED_EDGE('',*,*,#292,.F.);
#341 = ORIENTED_EDGE('',*,*,#82,.F.);
#342 = ORIENTED_EDGE('',*,*,#167,.T.);
#343 = ORIENTED_EDGE('',*,*,#344,.T.);
#344 = EDGE_CURVE('',#168,#345,#347,.T.);
#345 = VERTEX_POINT('',#346);
#346 = CARTESIAN_POINT('',(500.,424.34598532437,1.306060735437E+03));
#347 = SURFACE_CURVE('',#348,(#352,#359),.PCURVE_S1.);
#348 = LINE('',#349,#350);
#349 = CARTESIAN_POINT('',(500.,338.80683236969,1.256674682453E+03));
#350 = VECTOR('',#351,1.);
#351 = DIRECTION('',(0.,0.866025403784,0.5));
#352 = PCURVE('',#98,#353);
#353 = DEFINITIONAL_REPRESENTATION('',(#354),#358);
#354 = LINE('',#355,#356);
#355 = CARTESIAN_POINT('',(340.,0.));
#356 = VECTOR('',#357,1.);
#357 = DIRECTION('',(0.,1.));
#358 = ( GEOMETRIC_REPRESENTATION_CONTEXT(2) 
PARAMETRIC_REPRESENTATION_CONTEXT() REPRESENTATION_CONTEXT('2D SPACE',''
  ) );
#359 = PCURVE('',#228,#360);
#360 = DEFINITIONAL_REPRESENTATION('',(#361),#365);
#361 = LINE('',#362,#363);
#362 = CARTESIAN_POINT('',(0.,0.));
#363 = VECTOR('',#364,1.);
#364 = DIRECTION('',(0.,-1.));
#365 = ( GEOMETRIC_REPRESENTATION_CONTEXT(2) 
PARAMETRIC_REPRESENTATION_CONTEXT() REPRESENTATION_CONTEXT('2D SPACE',''
  ) );
#366 = ORIENTED_EDGE('',*,*,#367,.F.);
#367 = EDGE_CURVE('',#368,#345,#370,.T.);
#368 = VERTEX_POINT('',#369);
#369 = CARTESIAN_POINT('',(500.,431.02597137916,1.309917427184E+03));
#370 = SURFACE_CURVE('',#371,(#376,#383),.PCURVE_S1.);
#371 = ELLIPSE('',#372,400.49968789001,10.);
#372 = AXIS2_PLACEMENT_3D('',#373,#374,#375);
#373 = CARTESIAN_POINT('',(869.23048454132,413.84848361568,1.3E+03));
#374 = DIRECTION('',(-3.469446951954E-18,-0.5,0.866025403784));
#375 = DIRECTION('',(-0.999063816303,3.746489311136E-02,2.1630366123E-02
    ));
#376 = PCURVE('',#98,#377);
#377 = DEFINITIONAL_REPRESENTATION('',(#378),#382);
#378 = ELLIPSE('',#379,400.49968789001,10.);
#379 = AXIS2_PLACEMENT_2D('',#380,#381);
#380 = CARTESIAN_POINT('',(709.23048454132,86.650635094611));
#381 = DIRECTION('',(-0.999063816303,4.3260732246E-02));
#382 = ( GEOMETRIC_REPRESENTATION_CONTEXT(2) 
PARAMETRIC_REPRESENTATION_CONTEXT() REPRESENTATION_CONTEXT('2D SPACE',''
  ) );
#383 = PCURVE('',#384,#389);
#384 = CYLINDRICAL_SURFACE('',#385,10.);
#385 = AXIS2_PLACEMENT_3D('',#386,#387,#388);
#386 = CARTESIAN_POINT('',(530.,430.81000784275,1.3E+03));
#387 = DIRECTION('',(-0.998752338878,4.993761694389E-02,0.));
#388 = DIRECTION('',(-4.993761694389E-02,-0.998752338878,0.));
#389 = DEFINITIONAL_REPRESENTATION('',(#390),#400);
#390 = B_SPLINE_CURVE_WITH_KNOTS('',8,(#391,#392,#393,#394,#395,#396,
    #397,#398,#399),.UNSPECIFIED.,.F.,.F.,(9,9),(5.725232342365,
    6.841138271994),.PIECEWISE_BEZIER_KNOTS.);
#391 = CARTESIAN_POINT('',(1.605690937637,-2.400004007086E-06));
#392 = CARTESIAN_POINT('',(1.466202696434,29.568539370466));
#393 = CARTESIAN_POINT('',(1.326714455229,51.584346933938));
#394 = CARTESIAN_POINT('',(1.187226214033,65.17075051018));
#395 = CARTESIAN_POINT('',(1.047737972813,69.764584211807));
#396 = CARTESIAN_POINT('',(0.908249731625,65.170750510093));
#397 = CARTESIAN_POINT('',(0.768761490414,51.584346933974));
#398 = CARTESIAN_POINT('',(0.629273249213,29.568539370466));
#399 = CARTESIAN_POINT('',(0.489785008009,-2.400003495495E-06));
#400 = ( GEOMETRIC_REPRESENTATION_CONTEXT(2) 
PARAMETRIC_REPRESENTATION_CONTEXT() REPRESENTATION_CONTEXT('2D SPACE',''
  ) );
#401 = ORIENTED_EDGE('',*,*,#402,.T.);
#402 = EDGE_CURVE('',#368,#293,#403,.T.);
#403 = SURFACE_CURVE('',#404,(#408,#415),.PCURVE_S1.);
#404 = LINE('',#405,#406);
#405 = CARTESIAN_POINT('',(500.,338.80683236969,1.256674682453E+03));
#406 = VECTOR('',#407,1.);
#407 = DIRECTION('',(0.,0.866025403784,0.5));
#408 = PCURVE('',#98,#409);
#409 = DEFINITIONAL_REPRESENTATION('',(#410),#414);
#410 = LINE('',#411,#412);
#411 = CARTESIAN_POINT('',(340.,0.));
#412 = VECTOR('',#413,1.);
#413 = DIRECTION('',(0.,1.));
#414 = ( GEOMETRIC_REPRESENTATION_CONTEXT(2) 
PARAMETRIC_REPRESENTATION_CONTEXT() REPRESENTATION_CONTEXT('2D SPACE',''
  ) );
#415 = PCURVE('',#228,#416);
#416 = DEFINITIONAL_REPRESENTATION('',(#417),#421);
#417 = LINE('',#418,#419);
#418 = CARTESIAN_POINT('',(0.,0.));
#419 = VECTOR('',#420,1.);
#420 = DIRECTION('',(0.,-1.));
#421 = ( GEOMETRIC_REPRESENTATION_CONTEXT(2) 
PARAMETRIC_REPRESENTATION_CONTEXT() REPRESENTATION_CONTEXT('2D SPACE',''
  ) );
#422 = ADVANCED_FACE('',(#423),#228,.T.);
#423 = FACE_BOUND('',#424,.T.);
#424 = EDGE_LOOP('',(#425,#426,#427,#428,#455,#456));
#425 = ORIENTED_EDGE('',*,*,#245,.F.);
#426 = ORIENTED_EDGE('',*,*,#214,.F.);
#427 = ORIENTED_EDGE('',*,*,#344,.T.);
#428 = ORIENTED_EDGE('',*,*,#429,.F.);
#429 = EDGE_CURVE('',#368,#345,#430,.T.);
#430 = SURFACE_CURVE('',#431,(#436,#443),.PCURVE_S1.);
#431 = ELLIPSE('',#432,10.01249219725,10.);
#432 = AXIS2_PLACEMENT_3D('',#433,#434,#435);
#433 = CARTESIAN_POINT('',(500.,432.31000784275,1.3E+03));
#434 = DIRECTION('',(1.,0.,0.));
#435 = DIRECTION('',(-0.,1.,0.));
#436 = PCURVE('',#228,#437);
#437 = DEFINITIONAL_REPRESENTATION('',(#438),#442);
#438 = ELLIPSE('',#439,10.01249219725,10.);
#439 = AXIS2_PLACEMENT_2D('',#440,#441);
#440 = CARTESIAN_POINT('',(-9.230762113533,-102.6387840678));
#441 = DIRECTION('',(-0.5,-0.866025403784));
#442 = ( GEOMETRIC_REPRESENTATION_CONTEXT(2) 
PARAMETRIC_REPRESENTATION_CONTEXT() REPRESENTATION_CONTEXT('2D SPACE',''
  ) );
#443 = PCURVE('',#384,#444);
#444 = DEFINITIONAL_REPRESENTATION('',(#445),#454);
#445 = B_SPLINE_CURVE_WITH_KNOTS('',7,(#446,#447,#448,#449,#450,#451,
    #452,#453),.UNSPECIFIED.,.F.,.F.,(8,8),(1.262215700421,
    2.927656022514),.PIECEWISE_BEZIER_KNOTS.);
#446 = CARTESIAN_POINT('',(1.879376953169,30.189329897979));
#447 = CARTESIAN_POINT('',(1.641456907156,30.075988879971));
#448 = CARTESIAN_POINT('',(1.403536861143,29.95261991426));
#449 = CARTESIAN_POINT('',(1.16561681513,29.82969831616));
#450 = CARTESIAN_POINT('',(0.927696769116,29.719107602574));
#451 = CARTESIAN_POINT('',(0.689776723103,29.631655639798));
#452 = CARTESIAN_POINT('',(0.451856677089,29.574131452047));
#453 = CARTESIAN_POINT('',(0.213936631076,29.548875237336));
#454 = ( GEOMETRIC_REPRESENTATION_CONTEXT(2) 
PARAMETRIC_REPRESENTATION_CONTEXT() REPRESENTATION_CONTEXT('2D SPACE',''
  ) );
#455 = ORIENTED_EDGE('',*,*,#402,.T.);
#456 = ORIENTED_EDGE('',*,*,#317,.T.);
#457 = ADVANCED_FACE('',(#458,#1156),#384,.T.);
#458 = FACE_BOUND('',#459,.T.);
#459 = EDGE_LOOP('',(#460,#485,#512,#513,#838));
#460 = ORIENTED_EDGE('',*,*,#461,.T.);
#461 = EDGE_CURVE('',#462,#464,#466,.T.);
#462 = VERTEX_POINT('',#463);
#463 = CARTESIAN_POINT('',(518.33423321847,421.38080398457,1.3E+03));
#464 = VERTEX_POINT('',#465);
#465 = CARTESIAN_POINT('',(329.50062383056,430.82248445397,1.3E+03));
#466 = SEAM_CURVE('',#467,(#471,#478),.PCURVE_S1.);
#467 = LINE('',#468,#469);
#468 = CARTESIAN_POINT('',(529.50062383056,420.82248445397,1.3E+03));
#469 = VECTOR('',#470,1.);
#470 = DIRECTION('',(-0.998752338878,4.993761694389E-02,0.));
#471 = PCURVE('',#384,#472);
#472 = DEFINITIONAL_REPRESENTATION('',(#473),#477);
#473 = LINE('',#474,#475);
#474 = CARTESIAN_POINT('',(6.28318530718,-0.));
#475 = VECTOR('',#476,1.);
#476 = DIRECTION('',(0.,1.));
#477 = ( GEOMETRIC_REPRESENTATION_CONTEXT(2) 
PARAMETRIC_REPRESENTATION_CONTEXT() REPRESENTATION_CONTEXT('2D SPACE',''
  ) );
#478 = PCURVE('',#384,#479);
#479 = DEFINITIONAL_REPRESENTATION('',(#480),#484);
#480 = LINE('',#481,#482);
#481 = CARTESIAN_POINT('',(0.,-0.));
#482 = VECTOR('',#483,1.);
#483 = DIRECTION('',(0.,1.));
#484 = ( GEOMETRIC_REPRESENTATION_CONTEXT(2) 
PARAMETRIC_REPRESENTATION_CONTEXT() REPRESENTATION_CONTEXT('2D SPACE',''
  ) );
#485 = ORIENTED_EDGE('',*,*,#486,.F.);
#486 = EDGE_CURVE('',#464,#464,#487,.T.);
#487 = SURFACE_CURVE('',#488,(#493,#500),.PCURVE_S1.);
#488 = CIRCLE('',#489,10.);
#489 = AXIS2_PLACEMENT_3D('',#490,#491,#492);
#490 = CARTESIAN_POINT('',(330.,440.81000784275,1.3E+03));
#491 = DIRECTION('',(-0.998752338878,4.993761694389E-02,0.));
#492 = DIRECTION('',(-4.993761694389E-02,-0.998752338878,0.));
#493 = PCURVE('',#384,#494);
#494 = DEFINITIONAL_REPRESENTATION('',(#495),#499);
#495 = LINE('',#496,#497);
#496 = CARTESIAN_POINT('',(0.,200.249843945));
#497 = VECTOR('',#498,1.);
#498 = DIRECTION('',(1.,0.));
#499 = ( GEOMETRIC_REPRESENTATION_CONTEXT(2) 
PARAMETRIC_REPRESENTATION_CONTEXT() REPRESENTATION_CONTEXT('2D SPACE',''
  ) );
#500 = PCURVE('',#501,#506);
#501 = PLANE('',#502);
#502 = AXIS2_PLACEMENT_3D('',#503,#504,#505);
#503 = CARTESIAN_POINT('',(330.,440.81000784275,1.3E+03));
#504 = DIRECTION('',(-0.998752338878,4.993761694389E-02,0.));
#505 = DIRECTION('',(-4.993761694389E-02,-0.998752338878,0.));
#506 = DEFINITIONAL_REPRESENTATION('',(#507),#511);
#507 = CIRCLE('',#508,10.);
#508 = AXIS2_PLACEMENT_2D('',#509,#510);
#509 = CARTESIAN_POINT('',(0.,0.));
#510 = DIRECTION('',(1.,0.));
#511 = ( GEOMETRIC_REPRESENTATION_CONTEXT(2) 
PARAMETRIC_REPRESENTATION_CONTEXT() REPRESENTATION_CONTEXT('2D SPACE',''
  ) );
#512 = ORIENTED_EDGE('',*,*,#461,.F.);
#513 = ORIENTED_EDGE('',*,*,#514,.T.);
#514 = EDGE_CURVE('',#462,#515,#517,.T.);
#515 = VERTEX_POINT('',#516);
#516 = CARTESIAN_POINT('',(515.01871491683,431.5590720969,1.31E+03));
#517 = SURFACE_CURVE('',#518,(#621,#727),.PCURVE_S1.);
#518 = B_SPLINE_CURVE_WITH_KNOTS('',6,(#519,#520,#521,#522,#523,#524,
    #525,#526,#527,#528,#529,#530,#531,#532,#533,#534,#535,#536,#537,
    #538,#539,#540,#541,#542,#543,#544,#545,#546,#547,#548,#549,#550,
    #551,#552,#553,#554,#555,#556,#557,#558,#559,#560,#561,#562,#563,
    #564,#565,#566,#567,#568,#569,#570,#571,#572,#573,#574,#575,#576,
    #577,#578,#579,#580,#581,#582,#583,#584,#585,#586,#587,#588,#589,
    #590,#591,#592,#593,#594,#595,#596,#597,#598,#599,#600,#601,#602,
    #603,#604,#605,#606,#607,#608,#609,#610,#611,#612,#613,#614,#615,
    #616,#617,#618,#619,#620),.UNSPECIFIED.,.T.,.F.,(7,5,5,5,5,5,5,5,5,5
    ,5,5,5,5,5,5,5,5,5,5,7),(0.,5.113867328467E-02,0.105197438036,
    0.154295621471,0.197371057687,0.250150479007,0.30281444455,
    0.346296057308,0.394828960317,0.449175116718,0.500236700494,
    0.533991037118,0.551338844039,0.605319732612,0.673586106977,
    0.728425185679,0.782606987322,0.826164263662,0.895500492938,
    0.949657111263,1.),.UNSPECIFIED.);
#519 = CARTESIAN_POINT('',(518.33423321847,421.38080398457,1.3E+03));
#520 = CARTESIAN_POINT('',(518.33423321847,421.38080398457,
    1.30048322989E+03));
#521 = CARTESIAN_POINT('',(518.31060105646,421.41004164886,
    1.300965703745E+03));
#522 = CARTESIAN_POINT('',(518.26347343054,421.46834743295,
    1.30144553221E+03));
#523 = CARTESIAN_POINT('',(518.19406119393,421.55534873513,
    1.301920738691E+03));
#524 = CARTESIAN_POINT('',(518.104650378,421.6704196915,
    1.30238909173E+03));
#525 = CARTESIAN_POINT('',(517.88594339231,421.96214161806,
    1.303333009202E+03));
#526 = CARTESIAN_POINT('',(517.75457236451,422.14205232864,
    1.30380784334E+03));
#527 = CARTESIAN_POINT('',(517.60720391206,422.35129926668,
    1.304271950271E+03));
#528 = CARTESIAN_POINT('',(517.4470283372,422.58960634075,
    1.304724566073E+03));
#529 = CARTESIAN_POINT('',(517.27729423397,422.85691923614,
    1.305164620371E+03));
#530 = CARTESIAN_POINT('',(516.94148161432,423.42264397583,
    1.305977692057E+03));
#531 = CARTESIAN_POINT('',(516.77641814125,423.71608460509,
    1.306353346825E+03));
#532 = CARTESIAN_POINT('',(516.60829091571,424.03436863636,
    1.306717326257E+03));
#533 = CARTESIAN_POINT('',(516.43929534215,424.37854466788,
    1.307068818154E+03));
#534 = CARTESIAN_POINT('',(516.2718739978,424.74989198905,
    1.307406366428E+03));
#535 = CARTESIAN_POINT('',(515.96598526327,425.50058777251,
    1.308009608466E+03));
#536 = CARTESIAN_POINT('',(515.82637268783,425.87364260247,
    1.308279258525E+03));
#537 = CARTESIAN_POINT('',(515.69205956261,426.26993828078,
    1.308535095483E+03));
#538 = CARTESIAN_POINT('',(515.56533485733,426.69045274147,
    1.308774983078E+03));
#539 = CARTESIAN_POINT('',(515.44891333944,427.13599448497,
    1.308996144548E+03));
#540 = CARTESIAN_POINT('',(515.21979873101,428.18423169957,
    1.309438799418E+03));
#541 = CARTESIAN_POINT('',(515.11234100099,428.80663890546,
    1.309652065508E+03));
#542 = CARTESIAN_POINT('',(515.03280218822,429.46546452463,
    1.309822067182E+03));
#543 = CARTESIAN_POINT('',(514.98841182201,430.15092276282,
    1.309939919419E+03));
#544 = CARTESIAN_POINT('',(514.98337985164,430.85237079325,1.31E+03));
#545 = CARTESIAN_POINT('',(515.05397268602,432.26422748083,1.31E+03));
#546 = CARTESIAN_POINT('',(515.12871364864,432.96046552907,
    1.309940181942E+03));
#547 = CARTESIAN_POINT('',(515.24093251521,433.63712595239,
    1.309822745671E+03));
#548 = CARTESIAN_POINT('',(515.38541770603,434.28394455335,
    1.309653259712E+03));
#549 = CARTESIAN_POINT('',(515.55399997123,434.89180960264,
    1.309440610132E+03));
#550 = CARTESIAN_POINT('',(515.88735342954,435.91593074565,
    1.308997053325E+03));
#551 = CARTESIAN_POINT('',(516.04919952778,436.35183169462,
    1.308773751727E+03));
#552 = CARTESIAN_POINT('',(516.21894563003,436.76129866487,
    1.308531368354E+03));
#553 = CARTESIAN_POINT('',(516.39389557693,437.14543887347,
    1.30827275917E+03));
#554 = CARTESIAN_POINT('',(516.57181158594,437.50549103316,
    1.308000114642E+03));
#555 = CARTESIAN_POINT('',(516.9505755916,438.21906243519,
    1.30739679601E+03));
#556 = CARTESIAN_POINT('',(517.1518630776,438.56729524625,
    1.307062779881E+03));
#557 = CARTESIAN_POINT('',(517.35200138478,438.88896967378,
    1.306715150188E+03));
#558 = CARTESIAN_POINT('',(517.5487657257,439.18554841541,
    1.306355309472E+03));
#559 = CARTESIAN_POINT('',(517.74014372643,439.45825090852,
    1.305984045709E+03));
#560 = CARTESIAN_POINT('',(518.13012102671,439.98751179873,
    1.305173553608E+03));
#561 = CARTESIAN_POINT('',(518.32695745349,440.23838470864,
    1.304731265486E+03));
#562 = CARTESIAN_POINT('',(518.51128872857,440.46103593876,
    1.304276268072E+03));
#563 = CARTESIAN_POINT('',(518.67982419851,440.65574342065,
    1.303809649858E+03));
#564 = CARTESIAN_POINT('',(518.82930877138,440.8225534014,
    1.303332185772E+03));
#565 = CARTESIAN_POINT('',(519.07630742863,441.09126266369,
    1.302386062669E+03));
#566 = CARTESIAN_POINT('',(519.1765034728,441.19657040987,
    1.30191828107E+03));
#567 = CARTESIAN_POINT('',(519.25405072981,441.27600917793,
    1.301443670251E+03));
#568 = CARTESIAN_POINT('',(519.30662335303,441.3291855997,
    1.300964453991E+03));
#569 = CARTESIAN_POINT('',(519.33298555735,441.35585076213,
    1.300482602664E+03));
#570 = CARTESIAN_POINT('',(519.33298555735,441.35585076213,
    1.299680974785E+03));
#571 = CARTESIAN_POINT('',(519.32146543649,441.34419827281,
    1.299362056926E+03));
#572 = CARTESIAN_POINT('',(519.29843964034,441.32090792172,
    1.299043903145E+03));
#573 = CARTESIAN_POINT('',(519.26415545209,441.286038839,
    1.29872717942E+03));
#574 = CARTESIAN_POINT('',(519.21909488183,441.23969835027,
    1.298412589281E+03));
#575 = CARTESIAN_POINT('',(519.13561397098,441.15248317163,
    1.29794071201E+03));
#576 = CARTESIAN_POINT('',(519.10460678595,441.11989463123,
    1.297781261058E+03));
#577 = CARTESIAN_POINT('',(519.07101620896,441.08434173477,
    1.297622606155E+03));
#578 = CARTESIAN_POINT('',(519.03493599137,441.045841921,
    1.297464808572E+03));
#579 = CARTESIAN_POINT('',(518.99646865941,441.00441432579,
    1.297307933537E+03));
#580 = CARTESIAN_POINT('',(518.82894279933,440.82212975788,
    1.296666990798E+03));
#581 = CARTESIAN_POINT('',(518.68028078305,440.65622069948,
    1.29619215666E+03));
#582 = CARTESIAN_POINT('',(518.51277482279,440.46271748202,
    1.295728049729E+03));
#583 = CARTESIAN_POINT('',(518.32962684941,440.24157658538,
    1.295275433927E+03));
#584 = CARTESIAN_POINT('',(518.13407467241,439.9925280041,
    1.294835379629E+03));
#585 = CARTESIAN_POINT('',(517.6705587342,439.36424498651,
    1.293870450126E+03));
#586 = CARTESIAN_POINT('',(517.39718291214,438.96807636628,
    1.293354064511E+03));
#587 = CARTESIAN_POINT('',(517.11473677087,438.52405554887,
    1.292860493935E+03));
#588 = CARTESIAN_POINT('',(516.82857499415,438.02809553361,
    1.292392204639E+03));
#589 = CARTESIAN_POINT('',(516.5454949464,437.47534627424,
    1.291954543578E+03));
#590 = CARTESIAN_POINT('',(516.05724499848,436.36790824889,
    1.291237145583E+03));
#591 = CARTESIAN_POINT('',(515.84610565724,435.83136450586,
    1.290940934248E+03));
#592 = CARTESIAN_POINT('',(515.64797821723,435.25186047504,
    1.290675977322E+03));
#593 = CARTESIAN_POINT('',(515.46998128785,434.63044706211,
    1.290450147834E+03));
#594 = CARTESIAN_POINT('',(515.31939197912,433.96916330788,
    1.290271566427E+03));
#595 = CARTESIAN_POINT('',(515.08861273867,432.5817637659,
    1.290027717195E+03));
#596 = CARTESIAN_POINT('',(515.00852318652,431.86207117387,
    1.289962092732E+03));
#597 = CARTESIAN_POINT('',(514.97097852043,431.12912796356,
    1.289960995117E+03));
#598 = CARTESIAN_POINT('',(514.97833824925,430.40095456239,
    1.290025812253E+03));
#599 = CARTESIAN_POINT('',(515.02645579605,429.69554492877,
    1.290150971825E+03));
#600 = CARTESIAN_POINT('',(515.16989056513,428.4952585266,
    1.290461459428E+03));
#601 = CARTESIAN_POINT('',(515.25434411189,427.98420176651,
    1.290630699393E+03));
#602 = CARTESIAN_POINT('',(515.35574312161,427.49807021047,
    1.290826430246E+03));
#603 = CARTESIAN_POINT('',(515.47062487876,427.0374661208,
    1.291044708205E+03));
#604 = CARTESIAN_POINT('',(515.595736796,426.60262089514,
    1.291281924752E+03));
#605 = CARTESIAN_POINT('',(515.9387446337,425.54221566006,
    1.291937167223E+03));
#606 = CARTESIAN_POINT('',(516.16877139576,424.95288126348,
    1.292381098695E+03));
#607 = CARTESIAN_POINT('',(516.40795345182,424.42168131806,
    1.292856751735E+03));
#608 = CARTESIAN_POINT('',(516.64867323723,423.94424927739,
    1.293358488076E+03));
#609 = CARTESIAN_POINT('',(516.884926114,423.51687914711,
    1.293883734356E+03));
#610 = CARTESIAN_POINT('',(517.28710517311,422.84124369822,
    1.294860477837E+03));
#611 = CARTESIAN_POINT('',(517.45707731795,422.57429710049,
    1.295302878828E+03));
#612 = CARTESIAN_POINT('',(517.61729125077,422.33657756246,
    1.295757909046E+03));
#613 = CARTESIAN_POINT('',(517.76445291445,422.12815845921,
    1.296224476761E+03));
#614 = CARTESIAN_POINT('',(517.89533390137,421.94933186732,
    1.296701800274E+03));
#615 = CARTESIAN_POINT('',(518.11065916886,421.66269107493,
    1.297642596775E+03));
#616 = CARTESIAN_POINT('',(518.19779047633,421.55067506294,
    1.298104967538E+03));
#617 = CARTESIAN_POINT('',(518.26537416311,421.46599587802,
    1.298573939931E+03));
#618 = CARTESIAN_POINT('',(518.31123796882,421.40925365768,
    1.299047363253E+03));
#619 = CARTESIAN_POINT('',(518.33423321847,421.38080398457,
    1.299523326581E+03));
#620 = CARTESIAN_POINT('',(518.33423321847,421.38080398457,1.3E+03));
#621 = PCURVE('',#384,#622);
#622 = DEFINITIONAL_REPRESENTATION('',(#623),#726);
#623 = B_SPLINE_CURVE_WITH_KNOTS('',6,(#624,#625,#626,#627,#628,#629,
    #630,#631,#632,#633,#634,#635,#636,#637,#638,#639,#640,#641,#642,
    #643,#644,#645,#646,#647,#648,#649,#650,#651,#652,#653,#654,#655,
    #656,#657,#658,#659,#660,#661,#662,#663,#664,#665,#666,#667,#668,
    #669,#670,#671,#672,#673,#674,#675,#676,#677,#678,#679,#680,#681,
    #682,#683,#684,#685,#686,#687,#688,#689,#690,#691,#692,#693,#694,
    #695,#696,#697,#698,#699,#700,#701,#702,#703,#704,#705,#706,#707,
    #708,#709,#710,#711,#712,#713,#714,#715,#716,#717,#718,#719,#720,
    #721,#722,#723,#724,#725),.UNSPECIFIED.,.F.,.F.,(7,5,5,5,5,5,5,5,5,5
    ,5,5,5,5,5,5,5,5,5,5,7),(0.,5.113867328467E-02,0.105197438036,
    0.154295621471,0.197371057687,0.250150479007,0.30281444455,
    0.346296057308,0.394828960317,0.449175116718,0.500236700494,
    0.533991037118,0.551338844039,0.605319732612,0.673586106977,
    0.728425185679,0.782606987322,0.826164263662,0.895500492938,
    0.949657111263,1.),.UNSPECIFIED.);
#624 = CARTESIAN_POINT('',(0.,11.180339887499));
#625 = CARTESIAN_POINT('',(4.832298901077E-02,11.180339887499));
#626 = CARTESIAN_POINT('',(9.657033373512E-02,11.205402623859));
#627 = CARTESIAN_POINT('',(0.1447564866,11.255383102384));
#628 = CARTESIAN_POINT('',(0.192882785755,11.329053373739));
#629 = CARTESIAN_POINT('',(0.240924445392,11.424099004619));
#630 = CARTESIAN_POINT('',(0.339393967771,11.657101015928));
#631 = CARTESIAN_POINT('',(0.38984158184,11.797292449353));
#632 = CARTESIAN_POINT('',(0.440305663328,11.954926329349));
#633 = CARTESIAN_POINT('',(0.490936365035,12.126802546753));
#634 = CARTESIAN_POINT('',(0.541874329602,12.309673848316));
#635 = CARTESIAN_POINT('',(0.639938735964,12.673318432958));
#636 = CARTESIAN_POINT('',(0.687008970499,12.852829688493));
#637 = CARTESIAN_POINT('',(0.734673398253,13.036641494262));
#638 = CARTESIAN_POINT('',(0.783126660965,13.222613549442));
#639 = CARTESIAN_POINT('',(0.832565299278,13.408370208964));
#640 = CARTESIAN_POINT('',(0.927610942538,13.751365256494));
#641 = CARTESIAN_POINT('',(0.972979093961,13.909433111945));
#642 = CARTESIAN_POINT('',(1.019442383362,14.06336872168));
#643 = CARTESIAN_POINT('',(1.067141399323,14.210934807528));
#644 = CARTESIAN_POINT('',(1.116216871224,14.349460363736));
#645 = CARTESIAN_POINT('',(1.228830306987,14.630635583266));
#646 = CARTESIAN_POINT('',(1.293879174147,14.769040775081));
#647 = CARTESIAN_POINT('',(1.36112927298,14.881380531769));
#648 = CARTESIAN_POINT('',(1.430005793658,14.959945664779));
#649 = CARTESIAN_POINT('',(1.500037913908,15.));
#650 = CARTESIAN_POINT('',(1.641399954589,15.));
#651 = CARTESIAN_POINT('',(1.711310098201,14.96012075773));
#652 = CARTESIAN_POINT('',(1.780085815189,14.881832711301));
#653 = CARTESIAN_POINT('',(1.847246154035,14.769828368564));
#654 = CARTESIAN_POINT('',(1.912205856314,14.631811768886));
#655 = CARTESIAN_POINT('',(2.025222786483,14.350016392069));
#656 = CARTESIAN_POINT('',(2.074772706814,14.210140077529));
#657 = CARTESIAN_POINT('',(2.122919773512,14.061053565601));
#658 = CARTESIAN_POINT('',(2.16980861143,13.905504943539));
#659 = CARTESIAN_POINT('',(2.215583900212,13.745791060249));
#660 = CARTESIAN_POINT('',(2.310411407229,13.403133679047));
#661 = CARTESIAN_POINT('',(2.359270806659,13.219487248344));
#662 = CARTESIAN_POINT('',(2.407169986244,13.035662300296));
#663 = CARTESIAN_POINT('',(2.454298903958,12.85395389018));
#664 = CARTESIAN_POINT('',(2.50084568863,12.676432776987));
#665 = CARTESIAN_POINT('',(2.598686567009,12.31337206382));
#666 = CARTESIAN_POINT('',(2.649910987489,12.129309217475));
#667 = CARTESIAN_POINT('',(2.700822694609,11.956326597201));
#668 = CARTESIAN_POINT('',(2.751564823769,11.797724630067));
#669 = CARTESIAN_POINT('',(2.802290185911,11.656756656204));
#670 = CARTESIAN_POINT('',(2.900978898692,11.423484869785));
#671 = CARTESIAN_POINT('',(2.948958758839,11.328672654215));
#672 = CARTESIAN_POINT('',(2.997023153967,11.255189132667));
#673 = CARTESIAN_POINT('',(3.045147294898,11.205337606054));
#674 = CARTESIAN_POINT('',(3.093332387216,11.180339887499));
#675 = CARTESIAN_POINT('',(3.173495175139,11.180339887499));
#676 = CARTESIAN_POINT('',(3.205386958218,11.191263737597));
#677 = CARTESIAN_POINT('',(3.23726079486,11.21309774073));
#678 = CARTESIAN_POINT('',(3.269108269547,11.245597875034));
#679 = CARTESIAN_POINT('',(3.300916462414,11.288288091394));
#680 = CARTESIAN_POINT('',(3.348978851126,11.367309528181));
#681 = CARTESIAN_POINT('',(3.365281292981,11.396650632697));
#682 = CARTESIAN_POINT('',(3.381572070553,11.428423873104));
#683 = CARTESIAN_POINT('',(3.397852507349,11.462536485861));
#684 = CARTESIAN_POINT('',(3.414123439736,11.498887028243));
#685 = CARTESIAN_POINT('',(3.48098662135,11.657101015901));
#686 = CARTESIAN_POINT('',(3.531434235433,11.79729244935));
#687 = CARTESIAN_POINT('',(3.581898316929,11.954926329389));
#688 = CARTESIAN_POINT('',(3.632529018629,12.126802546771));
#689 = CARTESIAN_POINT('',(3.68346698318,12.309673848272));
#690 = CARTESIAN_POINT('',(3.79984692915,12.741236519002));
#691 = CARTESIAN_POINT('',(3.865545904799,12.994487543879));
#692 = CARTESIAN_POINT('',(3.932543480346,13.254407946581));
#693 = CARTESIAN_POINT('',(4.001400858262,13.515445629116));
#694 = CARTESIAN_POINT('',(4.072657633149,13.770569508115));
#695 = CARTESIAN_POINT('',(4.206543807312,14.202907469656));
#696 = CARTESIAN_POINT('',(4.268551284199,14.386989664634));
#697 = CARTESIAN_POINT('',(4.33283339122,14.555930858432));
#698 = CARTESIAN_POINT('',(4.399384587047,14.702673802984));
#699 = CARTESIAN_POINT('',(4.468258203698,14.820052292479));
#700 = CARTESIAN_POINT('',(4.610089477214,14.981260171771));
#701 = CARTESIAN_POINT('',(4.682420813956,15.025310066321));
#702 = CARTESIAN_POINT('',(4.755367941089,15.026206452113));
#703 = CARTESIAN_POINT('',(4.827916177267,14.982492661365));
#704 = CARTESIAN_POINT('',(4.899016057737,14.899208672881));
#705 = CARTESIAN_POINT('',(5.022157245828,14.696013419218));
#706 = CARTESIAN_POINT('',(5.075409152041,14.586144285143));
#707 = CARTESIAN_POINT('',(5.127135502004,14.460595535594));
#708 = CARTESIAN_POINT('',(5.177405217882,14.322855641355));
#709 = CARTESIAN_POINT('',(5.226269359132,14.176184687081));
#710 = CARTESIAN_POINT('',(5.349355068994,13.780650696482));
#711 = CARTESIAN_POINT('',(5.42184192598,13.521480974532));
#712 = CARTESIAN_POINT('',(5.491839816871,13.256070477228));
#713 = CARTESIAN_POINT('',(5.559914064938,12.991809210165));
#714 = CARTESIAN_POINT('',(5.626652967813,12.734509251067));
#715 = CARTESIAN_POINT('',(5.744240008183,12.299092350893));
#716 = CARTESIAN_POINT('',(5.795360400853,12.11600159675));
#717 = CARTESIAN_POINT('',(5.846178371222,11.944116409398));
#718 = CARTESIAN_POINT('',(5.896834329476,11.786730400259));
#719 = CARTESIAN_POINT('',(5.947478765843,11.647082534615));
#720 = CARTESIAN_POINT('',(6.04551013934,11.417711761999));
#721 = CARTESIAN_POINT('',(6.092905466483,11.325095352175));
#722 = CARTESIAN_POINT('',(6.140384202876,11.253367310235));
#723 = CARTESIAN_POINT('',(6.187921669895,11.204727155743));
#724 = CARTESIAN_POINT('',(6.235517965276,11.180339887499));
#725 = CARTESIAN_POINT('',(6.28318530718,11.180339887499));
#726 = ( GEOMETRIC_REPRESENTATION_CONTEXT(2) 
PARAMETRIC_REPRESENTATION_CONTEXT() REPRESENTATION_CONTEXT('2D SPACE',''
  ) );
#727 = PCURVE('',#728,#733);
#728 = CYLINDRICAL_SURFACE('',#729,15.);
#729 = AXIS2_PLACEMENT_3D('',#730,#731,#732);
#730 = CARTESIAN_POINT('',(530.,430.81000784275,865.25749003237));
#731 = DIRECTION('',(0.,0.,1.));
#732 = DIRECTION('',(1.,0.,-0.));
#733 = DEFINITIONAL_REPRESENTATION('',(#734),#837);
#734 = B_SPLINE_CURVE_WITH_KNOTS('',6,(#735,#736,#737,#738,#739,#740,
    #741,#742,#743,#744,#745,#746,#747,#748,#749,#750,#751,#752,#753,
    #754,#755,#756,#757,#758,#759,#760,#761,#762,#763,#764,#765,#766,
    #767,#768,#769,#770,#771,#772,#773,#774,#775,#776,#777,#778,#779,
    #780,#781,#782,#783,#784,#785,#786,#787,#788,#789,#790,#791,#792,
    #793,#794,#795,#796,#797,#798,#799,#800,#801,#802,#803,#804,#805,
    #806,#807,#808,#809,#810,#811,#812,#813,#814,#815,#816,#817,#818,
    #819,#820,#821,#822,#823,#824,#825,#826,#827,#828,#829,#830,#831,
    #832,#833,#834,#835,#836),.UNSPECIFIED.,.T.,.F.,(7,5,5,5,5,5,5,5,5,5
    ,5,5,5,5,5,5,5,5,5,5,7),(0.,5.113867328467E-02,0.105197438036,
    0.154295621471,0.197371057687,0.250150479007,0.30281444455,
    0.346296057308,0.394828960317,0.449175116718,0.500236700494,
    0.533991037118,0.551338844039,0.605319732612,0.673586106977,
    0.728425185679,0.782606987322,0.826164263662,0.895500492938,
    0.949657111263,1.),.UNSPECIFIED.);
#735 = CARTESIAN_POINT('',(3.821361914095,434.74250996762));
#736 = CARTESIAN_POINT('',(3.821361914095,435.22573985773));
#737 = CARTESIAN_POINT('',(3.818855651279,435.70821371242));
#738 = CARTESIAN_POINT('',(3.813857552329,436.18804217755));
#739 = CARTESIAN_POINT('',(3.806437982067,436.66324865892));
#740 = CARTESIAN_POINT('',(3.796724479105,437.13160169774));
#741 = CARTESIAN_POINT('',(3.77241769651,438.07551916925));
#742 = CARTESIAN_POINT('',(3.757567581083,438.55035330769));
#743 = CARTESIAN_POINT('',(3.740509409864,439.01446023901));
#744 = CARTESIAN_POINT('',(3.721375337332,439.46707604077));
#745 = CARTESIAN_POINT('',(3.700274999384,439.90713033869));
#746 = CARTESIAN_POINT('',(3.65641590193,440.72020202484));
#747 = CARTESIAN_POINT('',(3.633976770109,441.09585679288));
#748 = CARTESIAN_POINT('',(3.609992415812,441.4598362245));
#749 = CARTESIAN_POINT('',(3.584449696287,441.8113281219));
#750 = CARTESIAN_POINT('',(3.557311556844,442.14887639602));
#751 = CARTESIAN_POINT('',(3.503269923625,442.75211843342));
#752 = CARTESIAN_POINT('',(3.47672605956,443.02176849305));
#753 = CARTESIAN_POINT('',(3.448851669322,443.27760545104));
#754 = CARTESIAN_POINT('',(3.419600179777,443.51749304523));
#755 = CARTESIAN_POINT('',(3.38892514779,443.73865451556));
#756 = CARTESIAN_POINT('',(3.317392878091,444.18130938526));
#757 = CARTESIAN_POINT('',(3.275326283097,444.39457547589));
#758 = CARTESIAN_POINT('',(3.231175693776,444.56457714951));
#759 = CARTESIAN_POINT('',(3.185494716509,444.6824293863));
#760 = CARTESIAN_POINT('',(3.138806533126,444.74250996762));
#761 = CARTESIAN_POINT('',(3.044565172671,444.74250996762));
#762 = CARTESIAN_POINT('',(2.997958315633,444.6826919101));
#763 = CARTESIAN_POINT('',(2.952342979004,444.56525563832));
#764 = CARTESIAN_POINT('',(2.908248781613,444.39576967972));
#765 = CARTESIAN_POINT('',(2.86623575017,444.18312009994));
#766 = CARTESIAN_POINT('',(2.794435142196,443.7395632928));
#767 = CARTESIAN_POINT('',(2.76346249665,443.51626169431));
#768 = CARTESIAN_POINT('',(2.733940932882,443.27387832208));
#769 = CARTESIAN_POINT('',(2.705822728714,443.01526913742));
#770 = CARTESIAN_POINT('',(2.679059925095,442.74262460928));
#771 = CARTESIAN_POINT('',(2.625202239466,442.1393059772));
#772 = CARTESIAN_POINT('',(2.59840480395,441.80528984836));
#773 = CARTESIAN_POINT('',(2.573166350749,441.45766015573));
#774 = CARTESIAN_POINT('',(2.549451316888,441.09781943921));
#775 = CARTESIAN_POINT('',(2.527247010543,440.72655567642));
#776 = CARTESIAN_POINT('',(2.483419095307,439.9160635759));
#777 = CARTESIAN_POINT('',(2.462170437129,439.47377545384));
#778 = CARTESIAN_POINT('',(2.442908667009,439.0187780392));
#779 = CARTESIAN_POINT('',(2.425744942264,438.55215982594));
#780 = CARTESIAN_POINT('',(2.410813514926,438.07469573957));
#781 = CARTESIAN_POINT('',(2.386481277113,437.12857263709));
#782 = CARTESIAN_POINT('',(2.376792189605,436.66079103787));
#783 = CARTESIAN_POINT('',(2.369391566056,436.18618021889));
#784 = CARTESIAN_POINT('',(2.36440636278,435.70696395863));
#785 = CARTESIAN_POINT('',(2.361906601641,435.22511263136));
#786 = CARTESIAN_POINT('',(2.361906601641,434.42348475213));
#787 = CARTESIAN_POINT('',(2.362998986172,434.10456689337));
#788 = CARTESIAN_POINT('',(2.365182388749,433.78641311302));
#789 = CARTESIAN_POINT('',(2.368442402658,433.4696893881));
#790 = CARTESIAN_POINT('',(2.37275137812,433.15509924823));
#791 = CARTESIAN_POINT('',(2.38079999425,432.68322197766));
#792 = CARTESIAN_POINT('',(2.383798838788,432.52377102569));
#793 = CARTESIAN_POINT('',(2.387059573643,432.36511612296));
#794 = CARTESIAN_POINT('',(2.390577109601,432.20731853917));
#795 = CARTESIAN_POINT('',(2.394345927356,432.05044350453));
#796 = CARTESIAN_POINT('',(2.410850819223,431.4095007661));
#797 = CARTESIAN_POINT('',(2.425700934652,430.93466662752));
#798 = CARTESIAN_POINT('',(2.442759105876,430.47055969613));
#799 = CARTESIAN_POINT('',(2.461893178406,430.01794389445));
#800 = CARTESIAN_POINT('',(2.482993516347,429.57788959666));
#801 = CARTESIAN_POINT('',(2.535044199987,428.61296009354));
#802 = CARTESIAN_POINT('',(2.567117246633,428.0965744788));
#803 = CARTESIAN_POINT('',(2.60216044382,427.6030039026));
#804 = CARTESIAN_POINT('',(2.640271762921,427.13471460695));
#805 = CARTESIAN_POINT('',(2.681603383944,426.69705354611));
#806 = CARTESIAN_POINT('',(2.762289524614,425.97965555017));
#807 = CARTESIAN_POINT('',(2.80069775131,425.68344421603));
#808 = CARTESIAN_POINT('',(2.841460274204,425.41848728917));
#809 = CARTESIAN_POINT('',(2.884462313225,425.19265780173));
#810 = CARTESIAN_POINT('',(2.929597662883,425.01407639483));
#811 = CARTESIAN_POINT('',(3.023361824407,424.77022716236));
#812 = CARTESIAN_POINT('',(3.071567394789,424.7046026999));
#813 = CARTESIAN_POINT('',(3.120359508441,424.7035050851));
#814 = CARTESIAN_POINT('',(3.168778797515,424.7683222203));
#815 = CARTESIAN_POINT('',(3.215854786639,424.89348179271));
#816 = CARTESIAN_POINT('',(3.296443205443,425.2039693953));
#817 = CARTESIAN_POINT('',(3.330941022947,425.37320936019));
#818 = CARTESIAN_POINT('',(3.364006335158,425.56894021388));
#819 = CARTESIAN_POINT('',(3.395622345101,425.78721817229));
#820 = CARTESIAN_POINT('',(3.4257719373,426.02443471966));
#821 = CARTESIAN_POINT('',(3.50007203867,426.67967719052));
#822 = CARTESIAN_POINT('',(3.542173669167,427.12360866239));
#823 = CARTESIAN_POINT('',(3.58094643855,427.59926170224));
#824 = CARTESIAN_POINT('',(3.616550670163,428.10099804356));
#825 = CARTESIAN_POINT('',(3.649089061719,428.62624432391));
#826 = CARTESIAN_POINT('',(3.701507517137,429.60298780502));
#827 = CARTESIAN_POINT('',(3.72259575154,430.04538879576));
#828 = CARTESIAN_POINT('',(3.741698790421,430.50041901339));
#829 = CARTESIAN_POINT('',(3.758703978576,430.96698672835));
#830 = CARTESIAN_POINT('',(3.773476500206,431.44431024204));
#831 = CARTESIAN_POINT('',(3.797377026903,432.38510674268));
#832 = CARTESIAN_POINT('',(3.806836576746,432.84747750571));
#833 = CARTESIAN_POINT('',(3.814059135364,433.31644989881));
#834 = CARTESIAN_POINT('',(3.818923197062,433.78987322047));
#835 = CARTESIAN_POINT('',(3.821361914095,434.26583654859));
#836 = CARTESIAN_POINT('',(3.821361914095,434.74250996762));
#837 = ( GEOMETRIC_REPRESENTATION_CONTEXT(2) 
PARAMETRIC_REPRESENTATION_CONTEXT() REPRESENTATION_CONTEXT('2D SPACE',''
  ) );
#838 = ORIENTED_EDGE('',*,*,#839,.T.);
#839 = EDGE_CURVE('',#515,#462,#840,.T.);
#840 = SURFACE_CURVE('',#841,(#944,#1050),.PCURVE_S1.);
#841 = B_SPLINE_CURVE_WITH_KNOTS('',6,(#842,#843,#844,#845,#846,#847,
    #848,#849,#850,#851,#852,#853,#854,#855,#856,#857,#858,#859,#860,
    #861,#862,#863,#864,#865,#866,#867,#868,#869,#870,#871,#872,#873,
    #874,#875,#876,#877,#878,#879,#880,#881,#882,#883,#884,#885,#886,
    #887,#888,#889,#890,#891,#892,#893,#894,#895,#896,#897,#898,#899,
    #900,#901,#902,#903,#904,#905,#906,#907,#908,#909,#910,#911,#912,
    #913,#914,#915,#916,#917,#918,#919,#920,#921,#922,#923,#924,#925,
    #926,#927,#928,#929,#930,#931,#932,#933,#934,#935,#936,#937,#938,
    #939,#940,#941,#942,#943),.UNSPECIFIED.,.T.,.F.,(7,5,5,5,5,5,5,5,5,5
    ,5,5,5,5,5,5,5,5,5,5,7),(0.,5.113867328467E-02,0.105197438036,
    0.154295621471,0.197371057687,0.250150479007,0.30281444455,
    0.346296057308,0.394828960317,0.449175116718,0.500236700494,
    0.533991037118,0.551338844039,0.605319732612,0.673586106977,
    0.728425185679,0.782606987322,0.826164263662,0.895500492938,
    0.949657111263,1.),.UNSPECIFIED.);
#842 = CARTESIAN_POINT('',(518.33423321847,421.38080398457,1.3E+03));
#843 = CARTESIAN_POINT('',(518.33423321847,421.38080398457,
    1.30048322989E+03));
#844 = CARTESIAN_POINT('',(518.31060105646,421.41004164886,
    1.300965703745E+03));
#845 = CARTESIAN_POINT('',(518.26347343054,421.46834743295,
    1.30144553221E+03));
#846 = CARTESIAN_POINT('',(518.19406119393,421.55534873513,
    1.301920738691E+03));
#847 = CARTESIAN_POINT('',(518.104650378,421.6704196915,
    1.30238909173E+03));
#848 = CARTESIAN_POINT('',(517.88594339231,421.96214161806,
    1.303333009202E+03));
#849 = CARTESIAN_POINT('',(517.75457236451,422.14205232864,
    1.30380784334E+03));
#850 = CARTESIAN_POINT('',(517.60720391206,422.35129926668,
    1.304271950271E+03));
#851 = CARTESIAN_POINT('',(517.4470283372,422.58960634075,
    1.304724566073E+03));
#852 = CARTESIAN_POINT('',(517.27729423397,422.85691923614,
    1.305164620371E+03));
#853 = CARTESIAN_POINT('',(516.94148161432,423.42264397583,
    1.305977692057E+03));
#854 = CARTESIAN_POINT('',(516.77641814125,423.71608460509,
    1.306353346825E+03));
#855 = CARTESIAN_POINT('',(516.60829091571,424.03436863636,
    1.306717326257E+03));
#856 = CARTESIAN_POINT('',(516.43929534215,424.37854466788,
    1.307068818154E+03));
#857 = CARTESIAN_POINT('',(516.2718739978,424.74989198905,
    1.307406366428E+03));
#858 = CARTESIAN_POINT('',(515.96598526327,425.50058777251,
    1.308009608466E+03));
#859 = CARTESIAN_POINT('',(515.82637268783,425.87364260247,
    1.308279258525E+03));
#860 = CARTESIAN_POINT('',(515.69205956261,426.26993828078,
    1.308535095483E+03));
#861 = CARTESIAN_POINT('',(515.56533485733,426.69045274147,
    1.308774983078E+03));
#862 = CARTESIAN_POINT('',(515.44891333944,427.13599448497,
    1.308996144548E+03));
#863 = CARTESIAN_POINT('',(515.21979873101,428.18423169957,
    1.309438799418E+03));
#864 = CARTESIAN_POINT('',(515.11234100099,428.80663890546,
    1.309652065508E+03));
#865 = CARTESIAN_POINT('',(515.03280218822,429.46546452463,
    1.309822067182E+03));
#866 = CARTESIAN_POINT('',(514.98841182201,430.15092276282,
    1.309939919419E+03));
#867 = CARTESIAN_POINT('',(514.98337985164,430.85237079325,1.31E+03));
#868 = CARTESIAN_POINT('',(515.05397268602,432.26422748083,1.31E+03));
#869 = CARTESIAN_POINT('',(515.12871364864,432.96046552907,
    1.309940181942E+03));
#870 = CARTESIAN_POINT('',(515.24093251521,433.63712595239,
    1.309822745671E+03));
#871 = CARTESIAN_POINT('',(515.38541770603,434.28394455335,
    1.309653259712E+03));
#872 = CARTESIAN_POINT('',(515.55399997123,434.89180960264,
    1.309440610132E+03));
#873 = CARTESIAN_POINT('',(515.88735342954,435.91593074565,
    1.308997053325E+03));
#874 = CARTESIAN_POINT('',(516.04919952778,436.35183169462,
    1.308773751727E+03));
#875 = CARTESIAN_POINT('',(516.21894563003,436.76129866487,
    1.308531368354E+03));
#876 = CARTESIAN_POINT('',(516.39389557693,437.14543887347,
    1.30827275917E+03));
#877 = CARTESIAN_POINT('',(516.57181158594,437.50549103316,
    1.308000114642E+03));
#878 = CARTESIAN_POINT('',(516.9505755916,438.21906243519,
    1.30739679601E+03));
#879 = CARTESIAN_POINT('',(517.1518630776,438.56729524625,
    1.307062779881E+03));
#880 = CARTESIAN_POINT('',(517.35200138478,438.88896967378,
    1.306715150188E+03));
#881 = CARTESIAN_POINT('',(517.5487657257,439.18554841541,
    1.306355309472E+03));
#882 = CARTESIAN_POINT('',(517.74014372643,439.45825090852,
    1.305984045709E+03));
#883 = CARTESIAN_POINT('',(518.13012102671,439.98751179873,
    1.305173553608E+03));
#884 = CARTESIAN_POINT('',(518.32695745349,440.23838470864,
    1.304731265486E+03));
#885 = CARTESIAN_POINT('',(518.51128872857,440.46103593876,
    1.304276268072E+03));
#886 = CARTESIAN_POINT('',(518.67982419851,440.65574342065,
    1.303809649858E+03));
#887 = CARTESIAN_POINT('',(518.82930877138,440.8225534014,
    1.303332185772E+03));
#888 = CARTESIAN_POINT('',(519.07630742863,441.09126266369,
    1.302386062669E+03));
#889 = CARTESIAN_POINT('',(519.1765034728,441.19657040987,
    1.30191828107E+03));
#890 = CARTESIAN_POINT('',(519.25405072981,441.27600917793,
    1.301443670251E+03));
#891 = CARTESIAN_POINT('',(519.30662335303,441.3291855997,
    1.300964453991E+03));
#892 = CARTESIAN_POINT('',(519.33298555735,441.35585076213,
    1.300482602664E+03));
#893 = CARTESIAN_POINT('',(519.33298555735,441.35585076213,
    1.299680974785E+03));
#894 = CARTESIAN_POINT('',(519.32146543649,441.34419827281,
    1.299362056926E+03));
#895 = CARTESIAN_POINT('',(519.29843964034,441.32090792172,
    1.299043903145E+03));
#896 = CARTESIAN_POINT('',(519.26415545209,441.286038839,
    1.29872717942E+03));
#897 = CARTESIAN_POINT('',(519.21909488183,441.23969835027,
    1.298412589281E+03));
#898 = CARTESIAN_POINT('',(519.13561397098,441.15248317163,
    1.29794071201E+03));
#899 = CARTESIAN_POINT('',(519.10460678595,441.11989463123,
    1.297781261058E+03));
#900 = CARTESIAN_POINT('',(519.07101620896,441.08434173477,
    1.297622606155E+03));
#901 = CARTESIAN_POINT('',(519.03493599137,441.045841921,
    1.297464808572E+03));
#902 = CARTESIAN_POINT('',(518.99646865941,441.00441432579,
    1.297307933537E+03));
#903 = CARTESIAN_POINT('',(518.82894279933,440.82212975788,
    1.296666990798E+03));
#904 = CARTESIAN_POINT('',(518.68028078305,440.65622069948,
    1.29619215666E+03));
#905 = CARTESIAN_POINT('',(518.51277482279,440.46271748202,
    1.295728049729E+03));
#906 = CARTESIAN_POINT('',(518.32962684941,440.24157658538,
    1.295275433927E+03));
#907 = CARTESIAN_POINT('',(518.13407467241,439.9925280041,
    1.294835379629E+03));
#908 = CARTESIAN_POINT('',(517.6705587342,439.36424498651,
    1.293870450126E+03));
#909 = CARTESIAN_POINT('',(517.39718291214,438.96807636628,
    1.293354064511E+03));
#910 = CARTESIAN_POINT('',(517.11473677087,438.52405554887,
    1.292860493935E+03));
#911 = CARTESIAN_POINT('',(516.82857499415,438.02809553361,
    1.292392204639E+03));
#912 = CARTESIAN_POINT('',(516.5454949464,437.47534627424,
    1.291954543578E+03));
#913 = CARTESIAN_POINT('',(516.05724499848,436.36790824889,
    1.291237145583E+03));
#914 = CARTESIAN_POINT('',(515.84610565724,435.83136450586,
    1.290940934248E+03));
#915 = CARTESIAN_POINT('',(515.64797821723,435.25186047504,
    1.290675977322E+03));
#916 = CARTESIAN_POINT('',(515.46998128785,434.63044706211,
    1.290450147834E+03));
#917 = CARTESIAN_POINT('',(515.31939197912,433.96916330788,
    1.290271566427E+03));
#918 = CARTESIAN_POINT('',(515.08861273867,432.5817637659,
    1.290027717195E+03));
#919 = CARTESIAN_POINT('',(515.00852318652,431.86207117387,
    1.289962092732E+03));
#920 = CARTESIAN_POINT('',(514.97097852043,431.12912796356,
    1.289960995117E+03));
#921 = CARTESIAN_POINT('',(514.97833824925,430.40095456239,
    1.290025812253E+03));
#922 = CARTESIAN_POINT('',(515.02645579605,429.69554492877,
    1.290150971825E+03));
#923 = CARTESIAN_POINT('',(515.16989056513,428.4952585266,
    1.290461459428E+03));
#924 = CARTESIAN_POINT('',(515.25434411189,427.98420176651,
    1.290630699393E+03));
#925 = CARTESIAN_POINT('',(515.35574312161,427.49807021047,
    1.290826430246E+03));
#926 = CARTESIAN_POINT('',(515.47062487876,427.0374661208,
    1.291044708205E+03));
#927 = CARTESIAN_POINT('',(515.595736796,426.60262089514,
    1.291281924752E+03));
#928 = CARTESIAN_POINT('',(515.9387446337,425.54221566006,
    1.291937167223E+03));
#929 = CARTESIAN_POINT('',(516.16877139576,424.95288126348,
    1.292381098695E+03));
#930 = CARTESIAN_POINT('',(516.40795345182,424.42168131806,
    1.292856751735E+03));
#931 = CARTESIAN_POINT('',(516.64867323723,423.94424927739,
    1.293358488076E+03));
#932 = CARTESIAN_POINT('',(516.884926114,423.51687914711,
    1.293883734356E+03));
#933 = CARTESIAN_POINT('',(517.28710517311,422.84124369822,
    1.294860477837E+03));
#934 = CARTESIAN_POINT('',(517.45707731795,422.57429710049,
    1.295302878828E+03));
#935 = CARTESIAN_POINT('',(517.61729125077,422.33657756246,
    1.295757909046E+03));
#936 = CARTESIAN_POINT('',(517.76445291445,422.12815845921,
    1.296224476761E+03));
#937 = CARTESIAN_POINT('',(517.89533390137,421.94933186732,
    1.296701800274E+03));
#938 = CARTESIAN_POINT('',(518.11065916886,421.66269107493,
    1.297642596775E+03));
#939 = CARTESIAN_POINT('',(518.19779047633,421.55067506294,
    1.298104967538E+03));
#940 = CARTESIAN_POINT('',(518.26537416311,421.46599587802,
    1.298573939931E+03));
#941 = CARTESIAN_POINT('',(518.31123796882,421.40925365768,
    1.299047363253E+03));
#942 = CARTESIAN_POINT('',(518.33423321847,421.38080398457,
    1.299523326581E+03));
#943 = CARTESIAN_POINT('',(518.33423321847,421.38080398457,1.3E+03));
#944 = PCURVE('',#384,#945);
#945 = DEFINITIONAL_REPRESENTATION('',(#946),#1049);
#946 = B_SPLINE_CURVE_WITH_KNOTS('',6,(#947,#948,#949,#950,#951,#952,
    #953,#954,#955,#956,#957,#958,#959,#960,#961,#962,#963,#964,#965,
    #966,#967,#968,#969,#970,#971,#972,#973,#974,#975,#976,#977,#978,
    #979,#980,#981,#982,#983,#984,#985,#986,#987,#988,#989,#990,#991,
    #992,#993,#994,#995,#996,#997,#998,#999,#1000,#1001,#1002,#1003,
    #1004,#1005,#1006,#1007,#1008,#1009,#1010,#1011,#1012,#1013,#1014,
    #1015,#1016,#1017,#1018,#1019,#1020,#1021,#1022,#1023,#1024,#1025,
    #1026,#1027,#1028,#1029,#1030,#1031,#1032,#1033,#1034,#1035,#1036,
    #1037,#1038,#1039,#1040,#1041,#1042,#1043,#1044,#1045,#1046,#1047,
    #1048),.UNSPECIFIED.,.F.,.F.,(7,5,5,5,5,5,5,5,5,5,5,5,5,5,5,5,5,5,5,
    5,7),(0.,5.113867328467E-02,0.105197438036,0.154295621471,
    0.197371057687,0.250150479007,0.30281444455,0.346296057308,
    0.394828960317,0.449175116718,0.500236700494,0.533991037118,
    0.551338844039,0.605319732612,0.673586106977,0.728425185679,
    0.782606987322,0.826164263662,0.895500492938,0.949657111263,1.),
  .UNSPECIFIED.);
#947 = CARTESIAN_POINT('',(0.,11.180339887499));
#948 = CARTESIAN_POINT('',(4.832298901077E-02,11.180339887499));
#949 = CARTESIAN_POINT('',(9.657033373512E-02,11.205402623859));
#950 = CARTESIAN_POINT('',(0.1447564866,11.255383102384));
#951 = CARTESIAN_POINT('',(0.192882785755,11.329053373739));
#952 = CARTESIAN_POINT('',(0.240924445392,11.424099004619));
#953 = CARTESIAN_POINT('',(0.339393967771,11.657101015928));
#954 = CARTESIAN_POINT('',(0.38984158184,11.797292449353));
#955 = CARTESIAN_POINT('',(0.440305663328,11.954926329349));
#956 = CARTESIAN_POINT('',(0.490936365035,12.126802546753));
#957 = CARTESIAN_POINT('',(0.541874329602,12.309673848316));
#958 = CARTESIAN_POINT('',(0.639938735964,12.673318432958));
#959 = CARTESIAN_POINT('',(0.687008970499,12.852829688493));
#960 = CARTESIAN_POINT('',(0.734673398253,13.036641494262));
#961 = CARTESIAN_POINT('',(0.783126660965,13.222613549442));
#962 = CARTESIAN_POINT('',(0.832565299278,13.408370208964));
#963 = CARTESIAN_POINT('',(0.927610942538,13.751365256494));
#964 = CARTESIAN_POINT('',(0.972979093961,13.909433111945));
#965 = CARTESIAN_POINT('',(1.019442383362,14.06336872168));
#966 = CARTESIAN_POINT('',(1.067141399323,14.210934807528));
#967 = CARTESIAN_POINT('',(1.116216871224,14.349460363736));
#968 = CARTESIAN_POINT('',(1.228830306987,14.630635583266));
#969 = CARTESIAN_POINT('',(1.293879174147,14.769040775081));
#970 = CARTESIAN_POINT('',(1.36112927298,14.881380531769));
#971 = CARTESIAN_POINT('',(1.430005793658,14.959945664779));
#972 = CARTESIAN_POINT('',(1.500037913908,15.));
#973 = CARTESIAN_POINT('',(1.641399954589,15.));
#974 = CARTESIAN_POINT('',(1.711310098201,14.96012075773));
#975 = CARTESIAN_POINT('',(1.780085815189,14.881832711301));
#976 = CARTESIAN_POINT('',(1.847246154035,14.769828368564));
#977 = CARTESIAN_POINT('',(1.912205856314,14.631811768886));
#978 = CARTESIAN_POINT('',(2.025222786483,14.350016392069));
#979 = CARTESIAN_POINT('',(2.074772706814,14.210140077529));
#980 = CARTESIAN_POINT('',(2.122919773512,14.061053565601));
#981 = CARTESIAN_POINT('',(2.16980861143,13.905504943539));
#982 = CARTESIAN_POINT('',(2.215583900212,13.745791060249));
#983 = CARTESIAN_POINT('',(2.310411407229,13.403133679047));
#984 = CARTESIAN_POINT('',(2.359270806659,13.219487248344));
#985 = CARTESIAN_POINT('',(2.407169986244,13.035662300296));
#986 = CARTESIAN_POINT('',(2.454298903958,12.85395389018));
#987 = CARTESIAN_POINT('',(2.50084568863,12.676432776987));
#988 = CARTESIAN_POINT('',(2.598686567009,12.31337206382));
#989 = CARTESIAN_POINT('',(2.649910987489,12.129309217475));
#990 = CARTESIAN_POINT('',(2.700822694609,11.956326597201));
#991 = CARTESIAN_POINT('',(2.751564823769,11.797724630067));
#992 = CARTESIAN_POINT('',(2.802290185911,11.656756656204));
#993 = CARTESIAN_POINT('',(2.900978898692,11.423484869785));
#994 = CARTESIAN_POINT('',(2.948958758839,11.328672654215));
#995 = CARTESIAN_POINT('',(2.997023153967,11.255189132667));
#996 = CARTESIAN_POINT('',(3.045147294898,11.205337606054));
#997 = CARTESIAN_POINT('',(3.093332387216,11.180339887499));
#998 = CARTESIAN_POINT('',(3.173495175139,11.180339887499));
#999 = CARTESIAN_POINT('',(3.205386958218,11.191263737597));
#1000 = CARTESIAN_POINT('',(3.23726079486,11.21309774073));
#1001 = CARTESIAN_POINT('',(3.269108269547,11.245597875034));
#1002 = CARTESIAN_POINT('',(3.300916462414,11.288288091394));
#1003 = CARTESIAN_POINT('',(3.348978851126,11.367309528181));
#1004 = CARTESIAN_POINT('',(3.365281292981,11.396650632697));
#1005 = CARTESIAN_POINT('',(3.381572070553,11.428423873104));
#1006 = CARTESIAN_POINT('',(3.397852507349,11.462536485861));
#1007 = CARTESIAN_POINT('',(3.414123439736,11.498887028243));
#1008 = CARTESIAN_POINT('',(3.48098662135,11.657101015901));
#1009 = CARTESIAN_POINT('',(3.531434235433,11.79729244935));
#1010 = CARTESIAN_POINT('',(3.581898316929,11.954926329389));
#1011 = CARTESIAN_POINT('',(3.632529018629,12.126802546771));
#1012 = CARTESIAN_POINT('',(3.68346698318,12.309673848272));
#1013 = CARTESIAN_POINT('',(3.79984692915,12.741236519002));
#1014 = CARTESIAN_POINT('',(3.865545904799,12.994487543879));
#1015 = CARTESIAN_POINT('',(3.932543480346,13.254407946581));
#1016 = CARTESIAN_POINT('',(4.001400858262,13.515445629116));
#1017 = CARTESIAN_POINT('',(4.072657633149,13.770569508115));
#1018 = CARTESIAN_POINT('',(4.206543807312,14.202907469656));
#1019 = CARTESIAN_POINT('',(4.268551284199,14.386989664634));
#1020 = CARTESIAN_POINT('',(4.33283339122,14.555930858432));
#1021 = CARTESIAN_POINT('',(4.399384587047,14.702673802984));
#1022 = CARTESIAN_POINT('',(4.468258203698,14.820052292479));
#1023 = CARTESIAN_POINT('',(4.610089477214,14.981260171771));
#1024 = CARTESIAN_POINT('',(4.682420813956,15.025310066321));
#1025 = CARTESIAN_POINT('',(4.755367941089,15.026206452113));
#1026 = CARTESIAN_POINT('',(4.827916177267,14.982492661365));
#1027 = CARTESIAN_POINT('',(4.899016057737,14.899208672881));
#1028 = CARTESIAN_POINT('',(5.022157245828,14.696013419218));
#1029 = CARTESIAN_POINT('',(5.075409152041,14.586144285143));
#1030 = CARTESIAN_POINT('',(5.127135502004,14.460595535594));
#1031 = CARTESIAN_POINT('',(5.177405217882,14.322855641355));
#1032 = CARTESIAN_POINT('',(5.226269359132,14.176184687081));
#1033 = CARTESIAN_POINT('',(5.349355068994,13.780650696482));
#1034 = CARTESIAN_POINT('',(5.42184192598,13.521480974532));
#1035 = CARTESIAN_POINT('',(5.491839816871,13.256070477228));
#1036 = CARTESIAN_POINT('',(5.559914064938,12.991809210165));
#1037 = CARTESIAN_POINT('',(5.626652967813,12.734509251067));
#1038 = CARTESIAN_POINT('',(5.744240008183,12.299092350893));
#1039 = CARTESIAN_POINT('',(5.795360400853,12.11600159675));
#1040 = CARTESIAN_POINT('',(5.846178371222,11.944116409398));
#1041 = CARTESIAN_POINT('',(5.896834329476,11.786730400259));
#1042 = CARTESIAN_POINT('',(5.947478765843,11.647082534615));
#1043 = CARTESIAN_POINT('',(6.04551013934,11.417711761999));
#1044 = CARTESIAN_POINT('',(6.092905466483,11.325095352175));
#1045 = CARTESIAN_POINT('',(6.140384202876,11.253367310235));
#1046 = CARTESIAN_POINT('',(6.187921669895,11.204727155743));
#1047 = CARTESIAN_POINT('',(6.235517965276,11.180339887499));
#1048 = CARTESIAN_POINT('',(6.28318530718,11.180339887499));
#1049 = ( GEOMETRIC_REPRESENTATION_CONTEXT(2) 
PARAMETRIC_REPRESENTATION_CONTEXT() REPRESENTATION_CONTEXT('2D SPACE',''
  ) );
#1050 = PCURVE('',#728,#1051);
#1051 = DEFINITIONAL_REPRESENTATION('',(#1052),#1155);
#1052 = B_SPLINE_CURVE_WITH_KNOTS('',6,(#1053,#1054,#1055,#1056,#1057,
    #1058,#1059,#1060,#1061,#1062,#1063,#1064,#1065,#1066,#1067,#1068,
    #1069,#1070,#1071,#1072,#1073,#1074,#1075,#1076,#1077,#1078,#1079,
    #1080,#1081,#1082,#1083,#1084,#1085,#1086,#1087,#1088,#1089,#1090,
    #1091,#1092,#1093,#1094,#1095,#1096,#1097,#1098,#1099,#1100,#1101,
    #1102,#1103,#1104,#1105,#1106,#1107,#1108,#1109,#1110,#1111,#1112,
    #1113,#1114,#1115,#1116,#1117,#1118,#1119,#1120,#1121,#1122,#1123,
    #1124,#1125,#1126,#1127,#1128,#1129,#1130,#1131,#1132,#1133,#1134,
    #1135,#1136,#1137,#1138,#1139,#1140,#1141,#1142,#1143,#1144,#1145,
    #1146,#1147,#1148,#1149,#1150,#1151,#1152,#1153,#1154),
  .UNSPECIFIED.,.T.,.F.,(7,5,5,5,5,5,5,5,5,5,5,5,5,5,5,5,5,5,5,5,7),(0.,
    5.113867328467E-02,0.105197438036,0.154295621471,0.197371057687,
    0.250150479007,0.30281444455,0.346296057308,0.394828960317,
    0.449175116718,0.500236700494,0.533991037118,0.551338844039,
    0.605319732612,0.673586106977,0.728425185679,0.782606987322,
    0.826164263662,0.895500492938,0.949657111263,1.),.UNSPECIFIED.);
#1053 = CARTESIAN_POINT('',(3.821361914095,434.74250996762));
#1054 = CARTESIAN_POINT('',(3.821361914095,435.22573985773));
#1055 = CARTESIAN_POINT('',(3.818855651279,435.70821371242));
#1056 = CARTESIAN_POINT('',(3.813857552329,436.18804217755));
#1057 = CARTESIAN_POINT('',(3.806437982067,436.66324865892));
#1058 = CARTESIAN_POINT('',(3.796724479105,437.13160169774));
#1059 = CARTESIAN_POINT('',(3.77241769651,438.07551916925));
#1060 = CARTESIAN_POINT('',(3.757567581083,438.55035330769));
#1061 = CARTESIAN_POINT('',(3.740509409864,439.01446023901));
#1062 = CARTESIAN_POINT('',(3.721375337332,439.46707604077));
#1063 = CARTESIAN_POINT('',(3.700274999384,439.90713033869));
#1064 = CARTESIAN_POINT('',(3.65641590193,440.72020202484));
#1065 = CARTESIAN_POINT('',(3.633976770109,441.09585679288));
#1066 = CARTESIAN_POINT('',(3.609992415812,441.4598362245));
#1067 = CARTESIAN_POINT('',(3.584449696287,441.8113281219));
#1068 = CARTESIAN_POINT('',(3.557311556844,442.14887639602));
#1069 = CARTESIAN_POINT('',(3.503269923625,442.75211843342));
#1070 = CARTESIAN_POINT('',(3.47672605956,443.02176849305));
#1071 = CARTESIAN_POINT('',(3.448851669322,443.27760545104));
#1072 = CARTESIAN_POINT('',(3.419600179777,443.51749304523));
#1073 = CARTESIAN_POINT('',(3.38892514779,443.73865451556));
#1074 = CARTESIAN_POINT('',(3.317392878091,444.18130938526));
#1075 = CARTESIAN_POINT('',(3.275326283097,444.39457547589));
#1076 = CARTESIAN_POINT('',(3.231175693776,444.56457714951));
#1077 = CARTESIAN_POINT('',(3.185494716509,444.6824293863));
#1078 = CARTESIAN_POINT('',(3.138806533126,444.74250996762));
#1079 = CARTESIAN_POINT('',(3.044565172671,444.74250996762));
#1080 = CARTESIAN_POINT('',(2.997958315633,444.6826919101));
#1081 = CARTESIAN_POINT('',(2.952342979004,444.56525563832));
#1082 = CARTESIAN_POINT('',(2.908248781613,444.39576967972));
#1083 = CARTESIAN_POINT('',(2.86623575017,444.18312009994));
#1084 = CARTESIAN_POINT('',(2.794435142196,443.7395632928));
#1085 = CARTESIAN_POINT('',(2.76346249665,443.51626169431));
#1086 = CARTESIAN_POINT('',(2.733940932882,443.27387832208));
#1087 = CARTESIAN_POINT('',(2.705822728714,443.01526913742));
#1088 = CARTESIAN_POINT('',(2.679059925095,442.74262460928));
#1089 = CARTESIAN_POINT('',(2.625202239466,442.1393059772));
#1090 = CARTESIAN_POINT('',(2.59840480395,441.80528984836));
#1091 = CARTESIAN_POINT('',(2.573166350749,441.45766015573));
#1092 = CARTESIAN_POINT('',(2.549451316888,441.09781943921));
#1093 = CARTESIAN_POINT('',(2.527247010543,440.72655567642));
#1094 = CARTESIAN_POINT('',(2.483419095307,439.9160635759));
#1095 = CARTESIAN_POINT('',(2.462170437129,439.47377545384));
#1096 = CARTESIAN_POINT('',(2.442908667009,439.0187780392));
#1097 = CARTESIAN_POINT('',(2.425744942264,438.55215982594));
#1098 = CARTESIAN_POINT('',(2.410813514926,438.07469573957));
#1099 = CARTESIAN_POINT('',(2.386481277113,437.12857263709));
#1100 = CARTESIAN_POINT('',(2.376792189605,436.66079103787));
#1101 = CARTESIAN_POINT('',(2.369391566056,436.18618021889));
#1102 = CARTESIAN_POINT('',(2.36440636278,435.70696395863));
#1103 = CARTESIAN_POINT('',(2.361906601641,435.22511263136));
#1104 = CARTESIAN_POINT('',(2.361906601641,434.42348475213));
#1105 = CARTESIAN_POINT('',(2.362998986172,434.10456689337));
#1106 = CARTESIAN_POINT('',(2.365182388749,433.78641311302));
#1107 = CARTESIAN_POINT('',(2.368442402658,433.4696893881));
#1108 = CARTESIAN_POINT('',(2.37275137812,433.15509924823));
#1109 = CARTESIAN_POINT('',(2.38079999425,432.68322197766));
#1110 = CARTESIAN_POINT('',(2.383798838788,432.52377102569));
#1111 = CARTESIAN_POINT('',(2.387059573643,432.36511612296));
#1112 = CARTESIAN_POINT('',(2.390577109601,432.20731853917));
#1113 = CARTESIAN_POINT('',(2.394345927356,432.05044350453));
#1114 = CARTESIAN_POINT('',(2.410850819223,431.4095007661));
#1115 = CARTESIAN_POINT('',(2.425700934652,430.93466662752));
#1116 = CARTESIAN_POINT('',(2.442759105876,430.47055969613));
#1117 = CARTESIAN_POINT('',(2.461893178406,430.01794389445));
#1118 = CARTESIAN_POINT('',(2.482993516347,429.57788959666));
#1119 = CARTESIAN_POINT('',(2.535044199987,428.61296009354));
#1120 = CARTESIAN_POINT('',(2.567117246633,428.0965744788));
#1121 = CARTESIAN_POINT('',(2.60216044382,427.6030039026));
#1122 = CARTESIAN_POINT('',(2.640271762921,427.13471460695));
#1123 = CARTESIAN_POINT('',(2.681603383944,426.69705354611));
#1124 = CARTESIAN_POINT('',(2.762289524614,425.97965555017));
#1125 = CARTESIAN_POINT('',(2.80069775131,425.68344421603));
#1126 = CARTESIAN_POINT('',(2.841460274204,425.41848728917));
#1127 = CARTESIAN_POINT('',(2.884462313225,425.19265780173));
#1128 = CARTESIAN_POINT('',(2.929597662883,425.01407639483));
#1129 = CARTESIAN_POINT('',(3.023361824407,424.77022716236));
#1130 = CARTESIAN_POINT('',(3.071567394789,424.7046026999));
#1131 = CARTESIAN_POINT('',(3.120359508441,424.7035050851));
#1132 = CARTESIAN_POINT('',(3.168778797515,424.7683222203));
#1133 = CARTESIAN_POINT('',(3.215854786639,424.89348179271));
#1134 = CARTESIAN_POINT('',(3.296443205443,425.2039693953));
#1135 = CARTESIAN_POINT('',(3.330941022947,425.37320936019));
#1136 = CARTESIAN_POINT('',(3.364006335158,425.56894021388));
#1137 = CARTESIAN_POINT('',(3.395622345101,425.78721817229));
#1138 = CARTESIAN_POINT('',(3.4257719373,426.02443471966));
#1139 = CARTESIAN_POINT('',(3.50007203867,426.67967719052));
#1140 = CARTESIAN_POINT('',(3.542173669167,427.12360866239));
#1141 = CARTESIAN_POINT('',(3.58094643855,427.59926170224));
#1142 = CARTESIAN_POINT('',(3.616550670163,428.10099804356));
#1143 = CARTESIAN_POINT('',(3.649089061719,428.62624432391));
#1144 = CARTESIAN_POINT('',(3.701507517137,429.60298780502));
#1145 = CARTESIAN_POINT('',(3.72259575154,430.04538879576));
#1146 = CARTESIAN_POINT('',(3.741698790421,430.50041901339));
#1147 = CARTESIAN_POINT('',(3.758703978576,430.96698672835));
#1148 = CARTESIAN_POINT('',(3.773476500206,431.44431024204));
#1149 = CARTESIAN_POINT('',(3.797377026903,432.38510674268));
#1150 = CARTESIAN_POINT('',(3.806836576746,432.84747750571));
#1151 = CARTESIAN_POINT('',(3.814059135364,433.31644989881));
#1152 = CARTESIAN_POINT('',(3.818923197062,433.78987322047));
#1153 = CARTESIAN_POINT('',(3.821361914095,434.26583654859));
#1154 = CARTESIAN_POINT('',(3.821361914095,434.74250996762));
#1155 = ( GEOMETRIC_REPRESENTATION_CONTEXT(2) 
PARAMETRIC_REPRESENTATION_CONTEXT() REPRESENTATION_CONTEXT('2D SPACE',''
  ) );
#1156 = FACE_BOUND('',#1157,.T.);
#1157 = EDGE_LOOP('',(#1158,#1159));
#1158 = ORIENTED_EDGE('',*,*,#367,.F.);
#1159 = ORIENTED_EDGE('',*,*,#429,.T.);
#1160 = ADVANCED_FACE('',(#1161,#1267),#728,.T.);
#1161 = FACE_BOUND('',#1162,.T.);
#1162 = EDGE_LOOP('',(#1163,#1188,#1217,#1239,#1240));
#1163 = ORIENTED_EDGE('',*,*,#1164,.T.);
#1164 = EDGE_CURVE('',#1165,#1167,#1169,.T.);
#1165 = VERTEX_POINT('',#1166);
#1166 = CARTESIAN_POINT('',(545.,430.81000784275,865.25749003237));
#1167 = VERTEX_POINT('',#1168);
#1168 = CARTESIAN_POINT('',(545.,430.81000784275,1.31E+03));
#1169 = SEAM_CURVE('',#1170,(#1174,#1181),.PCURVE_S1.);
#1170 = LINE('',#1171,#1172);
#1171 = CARTESIAN_POINT('',(545.,430.81000784275,865.25749003237));
#1172 = VECTOR('',#1173,1.);
#1173 = DIRECTION('',(0.,0.,1.));
#1174 = PCURVE('',#728,#1175);
#1175 = DEFINITIONAL_REPRESENTATION('',(#1176),#1180);
#1176 = LINE('',#1177,#1178);
#1177 = CARTESIAN_POINT('',(6.28318530718,-0.));
#1178 = VECTOR('',#1179,1.);
#1179 = DIRECTION('',(0.,1.));
#1180 = ( GEOMETRIC_REPRESENTATION_CONTEXT(2) 
PARAMETRIC_REPRESENTATION_CONTEXT() REPRESENTATION_CONTEXT('2D SPACE',''
  ) );
#1181 = PCURVE('',#728,#1182);
#1182 = DEFINITIONAL_REPRESENTATION('',(#1183),#1187);
#1183 = LINE('',#1184,#1185);
#1184 = CARTESIAN_POINT('',(0.,-0.));
#1185 = VECTOR('',#1186,1.);
#1186 = DIRECTION('',(0.,1.));
#1187 = ( GEOMETRIC_REPRESENTATION_CONTEXT(2) 
PARAMETRIC_REPRESENTATION_CONTEXT() REPRESENTATION_CONTEXT('2D SPACE',''
  ) );
#1188 = ORIENTED_EDGE('',*,*,#1189,.F.);
#1189 = EDGE_CURVE('',#1190,#1167,#1192,.T.);
#1190 = VERTEX_POINT('',#1191);
#1191 = CARTESIAN_POINT('',(515.01871491683,431.5590720969,1.31E+03));
#1192 = SURFACE_CURVE('',#1193,(#1198,#1205),.PCURVE_S1.);
#1193 = CIRCLE('',#1194,15.);
#1194 = AXIS2_PLACEMENT_3D('',#1195,#1196,#1197);
#1195 = CARTESIAN_POINT('',(530.,430.81000784275,1.31E+03));
#1196 = DIRECTION('',(0.,0.,1.));
#1197 = DIRECTION('',(1.,0.,-0.));
#1198 = PCURVE('',#728,#1199);
#1199 = DEFINITIONAL_REPRESENTATION('',(#1200),#1204);
#1200 = LINE('',#1201,#1202);
#1201 = CARTESIAN_POINT('',(0.,444.74250996762));
#1202 = VECTOR('',#1203,1.);
#1203 = DIRECTION('',(1.,0.));
#1204 = ( GEOMETRIC_REPRESENTATION_CONTEXT(2) 
PARAMETRIC_REPRESENTATION_CONTEXT() REPRESENTATION_CONTEXT('2D SPACE',''
  ) );
#1205 = PCURVE('',#1206,#1211);
#1206 = PLANE('',#1207);
#1207 = AXIS2_PLACEMENT_3D('',#1208,#1209,#1210);
#1208 = CARTESIAN_POINT('',(530.,430.81000784275,1.31E+03));
#1209 = DIRECTION('',(0.,0.,1.));
#1210 = DIRECTION('',(1.,0.,-0.));
#1211 = DEFINITIONAL_REPRESENTATION('',(#1212),#1216);
#1212 = CIRCLE('',#1213,15.);
#1213 = AXIS2_PLACEMENT_2D('',#1214,#1215);
#1214 = CARTESIAN_POINT('',(0.,0.));
#1215 = DIRECTION('',(1.,0.));
#1216 = ( GEOMETRIC_REPRESENTATION_CONTEXT(2) 
PARAMETRIC_REPRESENTATION_CONTEXT() REPRESENTATION_CONTEXT('2D SPACE',''
  ) );
#1217 = ORIENTED_EDGE('',*,*,#1218,.F.);
#1218 = EDGE_CURVE('',#1167,#1190,#1219,.T.);
#1219 = SURFACE_CURVE('',#1220,(#1225,#1232),.PCURVE_S1.);
#1220 = CIRCLE('',#1221,15.);
#1221 = AXIS2_PLACEMENT_3D('',#1222,#1223,#1224);
#1222 = CARTESIAN_POINT('',(530.,430.81000784275,1.31E+03));
#1223 = DIRECTION('',(0.,0.,1.));
#1224 = DIRECTION('',(1.,0.,-0.));
#1225 = PCURVE('',#728,#1226);
#1226 = DEFINITIONAL_REPRESENTATION('',(#1227),#1231);
#1227 = LINE('',#1228,#1229);
#1228 = CARTESIAN_POINT('',(0.,444.74250996762));
#1229 = VECTOR('',#1230,1.);
#1230 = DIRECTION('',(1.,0.));
#1231 = ( GEOMETRIC_REPRESENTATION_CONTEXT(2) 
PARAMETRIC_REPRESENTATION_CONTEXT() REPRESENTATION_CONTEXT('2D SPACE',''
  ) );
#1232 = PCURVE('',#1206,#1233);
#1233 = DEFINITIONAL_REPRESENTATION('',(#1234),#1238);
#1234 = CIRCLE('',#1235,15.);
#1235 = AXIS2_PLACEMENT_2D('',#1236,#1237);
#1236 = CARTESIAN_POINT('',(0.,0.));
#1237 = DIRECTION('',(1.,0.));
#1238 = ( GEOMETRIC_REPRESENTATION_CONTEXT(2) 
PARAMETRIC_REPRESENTATION_CONTEXT() REPRESENTATION_CONTEXT('2D SPACE',''
  ) );
#1239 = ORIENTED_EDGE('',*,*,#1164,.F.);
#1240 = ORIENTED_EDGE('',*,*,#1241,.T.);
#1241 = EDGE_CURVE('',#1165,#1165,#1242,.T.);
#1242 = SURFACE_CURVE('',#1243,(#1248,#1255),.PCURVE_S1.);
#1243 = CIRCLE('',#1244,15.);
#1244 = AXIS2_PLACEMENT_3D('',#1245,#1246,#1247);
#1245 = CARTESIAN_POINT('',(530.,430.81000784275,865.25749003237));
#1246 = DIRECTION('',(0.,0.,1.));
#1247 = DIRECTION('',(1.,0.,-0.));
#1248 = PCURVE('',#728,#1249);
#1249 = DEFINITIONAL_REPRESENTATION('',(#1250),#1254);
#1250 = LINE('',#1251,#1252);
#1251 = CARTESIAN_POINT('',(0.,0.));
#1252 = VECTOR('',#1253,1.);
#1253 = DIRECTION('',(1.,0.));
#1254 = ( GEOMETRIC_REPRESENTATION_CONTEXT(2) 
PARAMETRIC_REPRESENTATION_CONTEXT() REPRESENTATION_CONTEXT('2D SPACE',''
  ) );
#1255 = PCURVE('',#1256,#1261);
#1256 = PLANE('',#1257);
#1257 = AXIS2_PLACEMENT_3D('',#1258,#1259,#1260);
#1258 = CARTESIAN_POINT('',(530.,430.81000784275,865.25749003237));
#1259 = DIRECTION('',(0.,0.,1.));
#1260 = DIRECTION('',(1.,0.,-0.));
#1261 = DEFINITIONAL_REPRESENTATION('',(#1262),#1266);
#1262 = CIRCLE('',#1263,15.);
#1263 = AXIS2_PLACEMENT_2D('',#1264,#1265);
#1264 = CARTESIAN_POINT('',(0.,0.));
#1265 = DIRECTION('',(1.,0.));
#1266 = ( GEOMETRIC_REPRESENTATION_CONTEXT(2) 
PARAMETRIC_REPRESENTATION_CONTEXT() REPRESENTATION_CONTEXT('2D SPACE',''
  ) );
#1267 = FACE_BOUND('',#1268,.T.);
#1268 = EDGE_LOOP('',(#1269,#1270));
#1269 = ORIENTED_EDGE('',*,*,#839,.F.);
#1270 = ORIENTED_EDGE('',*,*,#514,.F.);
#1271 = ADVANCED_FACE('',(#1272),#501,.T.);
#1272 = FACE_BOUND('',#1273,.T.);
#1273 = EDGE_LOOP('',(#1274));
#1274 = ORIENTED_EDGE('',*,*,#486,.T.);
#1275 = ADVANCED_FACE('',(#1276),#1256,.F.);
#1276 = FACE_BOUND('',#1277,.T.);
#1277 = EDGE_LOOP('',(#1278));
#1278 = ORIENTED_EDGE('',*,*,#1241,.F.);
#1279 = ADVANCED_FACE('',(#1280),#1206,.T.);
#1280 = FACE_BOUND('',#1281,.T.);
#1281 = EDGE_LOOP('',(#1282,#1283));
#1282 = ORIENTED_EDGE('',*,*,#1218,.T.);
#1283 = ORIENTED_EDGE('',*,*,#1189,.T.);
#1284 = ( GEOMETRIC_REPRESENTATION_CONTEXT(3) 
GLOBAL_UNCERTAINTY_ASSIGNED_CONTEXT((#1288)) 
GLOBAL_UNIT_ASSIGNED_CONTEXT((#1285,#1286,#1287)) REPRESENTATION_CONTEXT
('Context #1','3D Context with UNIT and UNCERTAINTY') );
#1285 = ( LENGTH_UNIT() NAMED_UNIT(*) SI_UNIT(.MILLI.,.METRE.) );
#1286 = ( NAMED_UNIT(*) PLANE_ANGLE_UNIT() SI_UNIT($,.RADIAN.) );
#1287 = ( NAMED_UNIT(*) SI_UNIT($,.STERADIAN.) SOLID_ANGLE_UNIT() );
#1288 = UNCERTAINTY_MEASURE_WITH_UNIT(LENGTH_MEASURE(1.E-07),#1285,
  'distance_accuracy_value','confusion accuracy');
#1289 = CONTEXT_DEPENDENT_SHAPE_REPRESENTATION(#1290,#1292);
#1290 = ( REPRESENTATION_RELATIONSHIP('','',#40,#10) 
REPRESENTATION_RELATIONSHIP_WITH_TRANSFORMATION(#1291) 
SHAPE_REPRESENTATION_RELATIONSHIP() );
#1291 = ITEM_DEFINED_TRANSFORMATION('','',#11,#15);
#1292 = PRODUCT_DEFINITION_SHAPE('Placement','Placement of an item',
  #1293);
#1293 = NEXT_ASSEMBLY_USAGE_OCCURRENCE('26','=>[0:1:1:2]','',#5,#35,$);
#1294 = PRODUCT_RELATED_PRODUCT_CATEGORY('part',$,(#37));
#1295 = SHAPE_DEFINITION_REPRESENTATION(#1296,#1302);
#1296 = PRODUCT_DEFINITION_SHAPE('','',#1297);
#1297 = PRODUCT_DEFINITION('design','',#1298,#1301);
#1298 = PRODUCT_DEFINITION_FORMATION('','',#1299);
#1299 = PRODUCT('COMPOUND','COMPOUND','',(#1300));
#1300 = PRODUCT_CONTEXT('',#2,'mechanical');
#1301 = PRODUCT_DEFINITION_CONTEXT('part definition',#2,'design');
#1302 = ADVANCED_BREP_SHAPE_REPRESENTATION('',(#11,#1303),#1633);
#1303 = MANIFOLD_SOLID_BREP('',#1304);
#1304 = CLOSED_SHELL('',(#1305,#1425,#1525,#1572,#1619,#1626));
#1305 = ADVANCED_FACE('',(#1306),#1320,.F.);
#1306 = FACE_BOUND('',#1307,.F.);
#1307 = EDGE_LOOP('',(#1308,#1343,#1371,#1399));
#1308 = ORIENTED_EDGE('',*,*,#1309,.F.);
#1309 = EDGE_CURVE('',#1310,#1312,#1314,.T.);
#1310 = VERTEX_POINT('',#1311);
#1311 = CARTESIAN_POINT('',(-80.,-55.,-110.));
#1312 = VERTEX_POINT('',#1313);
#1313 = CARTESIAN_POINT('',(-80.,-55.,110.));
#1314 = SURFACE_CURVE('',#1315,(#1319,#1331),.PCURVE_S1.);
#1315 = LINE('',#1316,#1317);
#1316 = CARTESIAN_POINT('',(-80.,-55.,-110.));
#1317 = VECTOR('',#1318,1.);
#1318 = DIRECTION('',(0.,0.,1.));
#1319 = PCURVE('',#1320,#1325);
#1320 = PLANE('',#1321);
#1321 = AXIS2_PLACEMENT_3D('',#1322,#1323,#1324);
#1322 = CARTESIAN_POINT('',(-80.,-55.,-110.));
#1323 = DIRECTION('',(1.,0.,-0.));
#1324 = DIRECTION('',(0.,0.,1.));
#1325 = DEFINITIONAL_REPRESENTATION('',(#1326),#1330);
#1326 = LINE('',#1327,#1328);
#1327 = CARTESIAN_POINT('',(0.,0.));
#1328 = VECTOR('',#1329,1.);
#1329 = DIRECTION('',(1.,0.));
#1330 = ( GEOMETRIC_REPRESENTATION_CONTEXT(2) 
PARAMETRIC_REPRESENTATION_CONTEXT() REPRESENTATION_CONTEXT('2D SPACE',''
  ) );
#1331 = PCURVE('',#1332,#1337);
#1332 = PLANE('',#1333);
#1333 = AXIS2_PLACEMENT_3D('',#1334,#1335,#1336);
#1334 = CARTESIAN_POINT('',(-80.,-55.,-110.));
#1335 = DIRECTION('',(-0.,1.,0.));
#1336 = DIRECTION('',(0.,0.,1.));
#1337 = DEFINITIONAL_REPRESENTATION('',(#1338),#1342);
#1338 = LINE('',#1339,#1340);
#1339 = CARTESIAN_POINT('',(0.,0.));
#1340 = VECTOR('',#1341,1.);
#1341 = DIRECTION('',(1.,0.));
#1342 = ( GEOMETRIC_REPRESENTATION_CONTEXT(2) 
PARAMETRIC_REPRESENTATION_CONTEXT() REPRESENTATION_CONTEXT('2D SPACE',''
  ) );
#1343 = ORIENTED_EDGE('',*,*,#1344,.T.);
#1344 = EDGE_CURVE('',#1310,#1345,#1347,.T.);
#1345 = VERTEX_POINT('',#1346);
#1346 = CARTESIAN_POINT('',(-80.,55.,-110.));
#1347 = SURFACE_CURVE('',#1348,(#1352,#1359),.PCURVE_S1.);
#1348 = LINE('',#1349,#1350);
#1349 = CARTESIAN_POINT('',(-80.,-55.,-110.));
#1350 = VECTOR('',#1351,1.);
#1351 = DIRECTION('',(-0.,1.,0.));
#1352 = PCURVE('',#1320,#1353);
#1353 = DEFINITIONAL_REPRESENTATION('',(#1354),#1358);
#1354 = LINE('',#1355,#1356);
#1355 = CARTESIAN_POINT('',(0.,0.));
#1356 = VECTOR('',#1357,1.);
#1357 = DIRECTION('',(0.,-1.));
#1358 = ( GEOMETRIC_REPRESENTATION_CONTEXT(2) 
PARAMETRIC_REPRESENTATION_CONTEXT() REPRESENTATION_CONTEXT('2D SPACE',''
  ) );
#1359 = PCURVE('',#1360,#1365);
#1360 = PLANE('',#1361);
#1361 = AXIS2_PLACEMENT_3D('',#1362,#1363,#1364);
#1362 = CARTESIAN_POINT('',(-80.,-55.,-110.));
#1363 = DIRECTION('',(0.,0.,1.));
#1364 = DIRECTION('',(1.,0.,-0.));
#1365 = DEFINITIONAL_REPRESENTATION('',(#1366),#1370);
#1366 = LINE('',#1367,#1368);
#1367 = CARTESIAN_POINT('',(0.,0.));
#1368 = VECTOR('',#1369,1.);
#1369 = DIRECTION('',(0.,1.));
#1370 = ( GEOMETRIC_REPRESENTATION_CONTEXT(2) 
PARAMETRIC_REPRESENTATION_CONTEXT() REPRESENTATION_CONTEXT('2D SPACE',''
  ) );
#1371 = ORIENTED_EDGE('',*,*,#1372,.T.);
#1372 = EDGE_CURVE('',#1345,#1373,#1375,.T.);
#1373 = VERTEX_POINT('',#1374);
#1374 = CARTESIAN_POINT('',(-80.,55.,110.));
#1375 = SURFACE_CURVE('',#1376,(#1380,#1387),.PCURVE_S1.);
#1376 = LINE('',#1377,#1378);
#1377 = CARTESIAN_POINT('',(-80.,55.,-110.));
#1378 = VECTOR('',#1379,1.);
#1379 = DIRECTION('',(0.,0.,1.));
#1380 = PCURVE('',#1320,#1381);
#1381 = DEFINITIONAL_REPRESENTATION('',(#1382),#1386);
#1382 = LINE('',#1383,#1384);
#1383 = CARTESIAN_POINT('',(0.,-110.));
#1384 = VECTOR('',#1385,1.);
#1385 = DIRECTION('',(1.,0.));
#1386 = ( GEOMETRIC_REPRESENTATION_CONTEXT(2) 
PARAMETRIC_REPRESENTATION_CONTEXT() REPRESENTATION_CONTEXT('2D SPACE',''
  ) );
#1387 = PCURVE('',#1388,#1393);
#1388 = PLANE('',#1389);
#1389 = AXIS2_PLACEMENT_3D('',#1390,#1391,#1392);
#1390 = CARTESIAN_POINT('',(-80.,55.,-110.));
#1391 = DIRECTION('',(-0.,1.,0.));
#1392 = DIRECTION('',(0.,0.,1.));
#1393 = DEFINITIONAL_REPRESENTATION('',(#1394),#1398);
#1394 = LINE('',#1395,#1396);
#1395 = CARTESIAN_POINT('',(0.,0.));
#1396 = VECTOR('',#1397,1.);
#1397 = DIRECTION('',(1.,0.));
#1398 = ( GEOMETRIC_REPRESENTATION_CONTEXT(2) 
PARAMETRIC_REPRESENTATION_CONTEXT() REPRESENTATION_CONTEXT('2D SPACE',''
  ) );
#1399 = ORIENTED_EDGE('',*,*,#1400,.F.);
#1400 = EDGE_CURVE('',#1312,#1373,#1401,.T.);
#1401 = SURFACE_CURVE('',#1402,(#1406,#1413),.PCURVE_S1.);
#1402 = LINE('',#1403,#1404);
#1403 = CARTESIAN_POINT('',(-80.,-55.,110.));
#1404 = VECTOR('',#1405,1.);
#1405 = DIRECTION('',(-0.,1.,0.));
#1406 = PCURVE('',#1320,#1407);
#1407 = DEFINITIONAL_REPRESENTATION('',(#1408),#1412);
#1408 = LINE('',#1409,#1410);
#1409 = CARTESIAN_POINT('',(220.,0.));
#1410 = VECTOR('',#1411,1.);
#1411 = DIRECTION('',(0.,-1.));
#1412 = ( GEOMETRIC_REPRESENTATION_CONTEXT(2) 
PARAMETRIC_REPRESENTATION_CONTEXT() REPRESENTATION_CONTEXT('2D SPACE',''
  ) );
#1413 = PCURVE('',#1414,#1419);
#1414 = PLANE('',#1415);
#1415 = AXIS2_PLACEMENT_3D('',#1416,#1417,#1418);
#1416 = CARTESIAN_POINT('',(-80.,-55.,110.));
#1417 = DIRECTION('',(0.,0.,1.));
#1418 = DIRECTION('',(1.,0.,-0.));
#1419 = DEFINITIONAL_REPRESENTATION('',(#1420),#1424);
#1420 = LINE('',#1421,#1422);
#1421 = CARTESIAN_POINT('',(0.,0.));
#1422 = VECTOR('',#1423,1.);
#1423 = DIRECTION('',(0.,1.));
#1424 = ( GEOMETRIC_REPRESENTATION_CONTEXT(2) 
PARAMETRIC_REPRESENTATION_CONTEXT() REPRESENTATION_CONTEXT('2D SPACE',''
  ) );
#1425 = ADVANCED_FACE('',(#1426),#1440,.T.);
#1426 = FACE_BOUND('',#1427,.T.);
#1427 = EDGE_LOOP('',(#1428,#1458,#1481,#1504));
#1428 = ORIENTED_EDGE('',*,*,#1429,.F.);
#1429 = EDGE_CURVE('',#1430,#1432,#1434,.T.);
#1430 = VERTEX_POINT('',#1431);
#1431 = CARTESIAN_POINT('',(80.,-55.,-110.));
#1432 = VERTEX_POINT('',#1433);
#1433 = CARTESIAN_POINT('',(80.,-55.,110.));
#1434 = SURFACE_CURVE('',#1435,(#1439,#1451),.PCURVE_S1.);
#1435 = LINE('',#1436,#1437);
#1436 = CARTESIAN_POINT('',(80.,-55.,-110.));
#1437 = VECTOR('',#1438,1.);
#1438 = DIRECTION('',(0.,0.,1.));
#1439 = PCURVE('',#1440,#1445);
#1440 = PLANE('',#1441);
#1441 = AXIS2_PLACEMENT_3D('',#1442,#1443,#1444);
#1442 = CARTESIAN_POINT('',(80.,-55.,-110.));
#1443 = DIRECTION('',(1.,0.,-0.));
#1444 = DIRECTION('',(0.,0.,1.));
#1445 = DEFINITIONAL_REPRESENTATION('',(#1446),#1450);
#1446 = LINE('',#1447,#1448);
#1447 = CARTESIAN_POINT('',(0.,0.));
#1448 = VECTOR('',#1449,1.);
#1449 = DIRECTION('',(1.,0.));
#1450 = ( GEOMETRIC_REPRESENTATION_CONTEXT(2) 
PARAMETRIC_REPRESENTATION_CONTEXT() REPRESENTATION_CONTEXT('2D SPACE',''
  ) );
#1451 = PCURVE('',#1332,#1452);
#1452 = DEFINITIONAL_REPRESENTATION('',(#1453),#1457);
#1453 = LINE('',#1454,#1455);
#1454 = CARTESIAN_POINT('',(0.,160.));
#1455 = VECTOR('',#1456,1.);
#1456 = DIRECTION('',(1.,0.));
#1457 = ( GEOMETRIC_REPRESENTATION_CONTEXT(2) 
PARAMETRIC_REPRESENTATION_CONTEXT() REPRESENTATION_CONTEXT('2D SPACE',''
  ) );
#1458 = ORIENTED_EDGE('',*,*,#1459,.T.);
#1459 = EDGE_CURVE('',#1430,#1460,#1462,.T.);
#1460 = VERTEX_POINT('',#1461);
#1461 = CARTESIAN_POINT('',(80.,55.,-110.));
#1462 = SURFACE_CURVE('',#1463,(#1467,#1474),.PCURVE_S1.);
#1463 = LINE('',#1464,#1465);
#1464 = CARTESIAN_POINT('',(80.,-55.,-110.));
#1465 = VECTOR('',#1466,1.);
#1466 = DIRECTION('',(-0.,1.,0.));
#1467 = PCURVE('',#1440,#1468);
#1468 = DEFINITIONAL_REPRESENTATION('',(#1469),#1473);
#1469 = LINE('',#1470,#1471);
#1470 = CARTESIAN_POINT('',(0.,0.));
#1471 = VECTOR('',#1472,1.);
#1472 = DIRECTION('',(0.,-1.));
#1473 = ( GEOMETRIC_REPRESENTATION_CONTEXT(2) 
PARAMETRIC_REPRESENTATION_CONTEXT() REPRESENTATION_CONTEXT('2D SPACE',''
  ) );
#1474 = PCURVE('',#1360,#1475);
#1475 = DEFINITIONAL_REPRESENTATION('',(#1476),#1480);
#1476 = LINE('',#1477,#1478);
#1477 = CARTESIAN_POINT('',(160.,0.));
#1478 = VECTOR('',#1479,1.);
#1479 = DIRECTION('',(0.,1.));
#1480 = ( GEOMETRIC_REPRESENTATION_CONTEXT(2) 
PARAMETRIC_REPRESENTATION_CONTEXT() REPRESENTATION_CONTEXT('2D SPACE',''
  ) );
#1481 = ORIENTED_EDGE('',*,*,#1482,.T.);
#1482 = EDGE_CURVE('',#1460,#1483,#1485,.T.);
#1483 = VERTEX_POINT('',#1484);
#1484 = CARTESIAN_POINT('',(80.,55.,110.));
#1485 = SURFACE_CURVE('',#1486,(#1490,#1497),.PCURVE_S1.);
#1486 = LINE('',#1487,#1488);
#1487 = CARTESIAN_POINT('',(80.,55.,-110.));
#1488 = VECTOR('',#1489,1.);
#1489 = DIRECTION('',(0.,0.,1.));
#1490 = PCURVE('',#1440,#1491);
#1491 = DEFINITIONAL_REPRESENTATION('',(#1492),#1496);
#1492 = LINE('',#1493,#1494);
#1493 = CARTESIAN_POINT('',(0.,-110.));
#1494 = VECTOR('',#1495,1.);
#1495 = DIRECTION('',(1.,0.));
#1496 = ( GEOMETRIC_REPRESENTATION_CONTEXT(2) 
PARAMETRIC_REPRESENTATION_CONTEXT() REPRESENTATION_CONTEXT('2D SPACE',''
  ) );
#1497 = PCURVE('',#1388,#1498);
#1498 = DEFINITIONAL_REPRESENTATION('',(#1499),#1503);
#1499 = LINE('',#1500,#1501);
#1500 = CARTESIAN_POINT('',(0.,160.));
#1501 = VECTOR('',#1502,1.);
#1502 = DIRECTION('',(1.,0.));
#1503 = ( GEOMETRIC_REPRESENTATION_CONTEXT(2) 
PARAMETRIC_REPRESENTATION_CONTEXT() REPRESENTATION_CONTEXT('2D SPACE',''
  ) );
#1504 = ORIENTED_EDGE('',*,*,#1505,.F.);
#1505 = EDGE_CURVE('',#1432,#1483,#1506,.T.);
#1506 = SURFACE_CURVE('',#1507,(#1511,#1518),.PCURVE_S1.);
#1507 = LINE('',#1508,#1509);
#1508 = CARTESIAN_POINT('',(80.,-55.,110.));
#1509 = VECTOR('',#1510,1.);
#1510 = DIRECTION('',(-0.,1.,0.));
#1511 = PCURVE('',#1440,#1512);
#1512 = DEFINITIONAL_REPRESENTATION('',(#1513),#1517);
#1513 = LINE('',#1514,#1515);
#1514 = CARTESIAN_POINT('',(220.,0.));
#1515 = VECTOR('',#1516,1.);
#1516 = DIRECTION('',(0.,-1.));
#1517 = ( GEOMETRIC_REPRESENTATION_CONTEXT(2) 
PARAMETRIC_REPRESENTATION_CONTEXT() REPRESENTATION_CONTEXT('2D SPACE',''
  ) );
#1518 = PCURVE('',#1414,#1519);
#1519 = DEFINITIONAL_REPRESENTATION('',(#1520),#1524);
#1520 = LINE('',#1521,#1522);
#1521 = CARTESIAN_POINT('',(160.,0.));
#1522 = VECTOR('',#1523,1.);
#1523 = DIRECTION('',(0.,1.));
#1524 = ( GEOMETRIC_REPRESENTATION_CONTEXT(2) 
PARAMETRIC_REPRESENTATION_CONTEXT() REPRESENTATION_CONTEXT('2D SPACE',''
  ) );
#1525 = ADVANCED_FACE('',(#1526),#1332,.F.);
#1526 = FACE_BOUND('',#1527,.F.);
#1527 = EDGE_LOOP('',(#1528,#1549,#1550,#1571));
#1528 = ORIENTED_EDGE('',*,*,#1529,.F.);
#1529 = EDGE_CURVE('',#1310,#1430,#1530,.T.);
#1530 = SURFACE_CURVE('',#1531,(#1535,#1542),.PCURVE_S1.);
#1531 = LINE('',#1532,#1533);
#1532 = CARTESIAN_POINT('',(-80.,-55.,-110.));
#1533 = VECTOR('',#1534,1.);
#1534 = DIRECTION('',(1.,0.,-0.));
#1535 = PCURVE('',#1332,#1536);
#1536 = DEFINITIONAL_REPRESENTATION('',(#1537),#1541);
#1537 = LINE('',#1538,#1539);
#1538 = CARTESIAN_POINT('',(0.,0.));
#1539 = VECTOR('',#1540,1.);
#1540 = DIRECTION('',(0.,1.));
#1541 = ( GEOMETRIC_REPRESENTATION_CONTEXT(2) 
PARAMETRIC_REPRESENTATION_CONTEXT() REPRESENTATION_CONTEXT('2D SPACE',''
  ) );
#1542 = PCURVE('',#1360,#1543);
#1543 = DEFINITIONAL_REPRESENTATION('',(#1544),#1548);
#1544 = LINE('',#1545,#1546);
#1545 = CARTESIAN_POINT('',(0.,0.));
#1546 = VECTOR('',#1547,1.);
#1547 = DIRECTION('',(1.,0.));
#1548 = ( GEOMETRIC_REPRESENTATION_CONTEXT(2) 
PARAMETRIC_REPRESENTATION_CONTEXT() REPRESENTATION_CONTEXT('2D SPACE',''
  ) );
#1549 = ORIENTED_EDGE('',*,*,#1309,.T.);
#1550 = ORIENTED_EDGE('',*,*,#1551,.T.);
#1551 = EDGE_CURVE('',#1312,#1432,#1552,.T.);
#1552 = SURFACE_CURVE('',#1553,(#1557,#1564),.PCURVE_S1.);
#1553 = LINE('',#1554,#1555);
#1554 = CARTESIAN_POINT('',(-80.,-55.,110.));
#1555 = VECTOR('',#1556,1.);
#1556 = DIRECTION('',(1.,0.,-0.));
#1557 = PCURVE('',#1332,#1558);
#1558 = DEFINITIONAL_REPRESENTATION('',(#1559),#1563);
#1559 = LINE('',#1560,#1561);
#1560 = CARTESIAN_POINT('',(220.,0.));
#1561 = VECTOR('',#1562,1.);
#1562 = DIRECTION('',(0.,1.));
#1563 = ( GEOMETRIC_REPRESENTATION_CONTEXT(2) 
PARAMETRIC_REPRESENTATION_CONTEXT() REPRESENTATION_CONTEXT('2D SPACE',''
  ) );
#1564 = PCURVE('',#1414,#1565);
#1565 = DEFINITIONAL_REPRESENTATION('',(#1566),#1570);
#1566 = LINE('',#1567,#1568);
#1567 = CARTESIAN_POINT('',(0.,0.));
#1568 = VECTOR('',#1569,1.);
#1569 = DIRECTION('',(1.,0.));
#1570 = ( GEOMETRIC_REPRESENTATION_CONTEXT(2) 
PARAMETRIC_REPRESENTATION_CONTEXT() REPRESENTATION_CONTEXT('2D SPACE',''
  ) );
#1571 = ORIENTED_EDGE('',*,*,#1429,.F.);
#1572 = ADVANCED_FACE('',(#1573),#1388,.T.);
#1573 = FACE_BOUND('',#1574,.T.);
#1574 = EDGE_LOOP('',(#1575,#1596,#1597,#1618));
#1575 = ORIENTED_EDGE('',*,*,#1576,.F.);
#1576 = EDGE_CURVE('',#1345,#1460,#1577,.T.);
#1577 = SURFACE_CURVE('',#1578,(#1582,#1589),.PCURVE_S1.);
#1578 = LINE('',#1579,#1580);
#1579 = CARTESIAN_POINT('',(-80.,55.,-110.));
#1580 = VECTOR('',#1581,1.);
#1581 = DIRECTION('',(1.,0.,-0.));
#1582 = PCURVE('',#1388,#1583);
#1583 = DEFINITIONAL_REPRESENTATION('',(#1584),#1588);
#1584 = LINE('',#1585,#1586);
#1585 = CARTESIAN_POINT('',(0.,0.));
#1586 = VECTOR('',#1587,1.);
#1587 = DIRECTION('',(0.,1.));
#1588 = ( GEOMETRIC_REPRESENTATION_CONTEXT(2) 
PARAMETRIC_REPRESENTATION_CONTEXT() REPRESENTATION_CONTEXT('2D SPACE',''
  ) );
#1589 = PCURVE('',#1360,#1590);
#1590 = DEFINITIONAL_REPRESENTATION('',(#1591),#1595);
#1591 = LINE('',#1592,#1593);
#1592 = CARTESIAN_POINT('',(0.,110.));
#1593 = VECTOR('',#1594,1.);
#1594 = DIRECTION('',(1.,0.));
#1595 = ( GEOMETRIC_REPRESENTATION_CONTEXT(2) 
PARAMETRIC_REPRESENTATION_CONTEXT() REPRESENTATION_CONTEXT('2D SPACE',''
  ) );
#1596 = ORIENTED_EDGE('',*,*,#1372,.T.);
#1597 = ORIENTED_EDGE('',*,*,#1598,.T.);
#1598 = EDGE_CURVE('',#1373,#1483,#1599,.T.);
#1599 = SURFACE_CURVE('',#1600,(#1604,#1611),.PCURVE_S1.);
#1600 = LINE('',#1601,#1602);
#1601 = CARTESIAN_POINT('',(-80.,55.,110.));
#1602 = VECTOR('',#1603,1.);
#1603 = DIRECTION('',(1.,0.,-0.));
#1604 = PCURVE('',#1388,#1605);
#1605 = DEFINITIONAL_REPRESENTATION('',(#1606),#1610);
#1606 = LINE('',#1607,#1608);
#1607 = CARTESIAN_POINT('',(220.,0.));
#1608 = VECTOR('',#1609,1.);
#1609 = DIRECTION('',(0.,1.));
#1610 = ( GEOMETRIC_REPRESENTATION_CONTEXT(2) 
PARAMETRIC_REPRESENTATION_CONTEXT() REPRESENTATION_CONTEXT('2D SPACE',''
  ) );
#1611 = PCURVE('',#1414,#1612);
#1612 = DEFINITIONAL_REPRESENTATION('',(#1613),#1617);
#1613 = LINE('',#1614,#1615);
#1614 = CARTESIAN_POINT('',(0.,110.));
#1615 = VECTOR('',#1616,1.);
#1616 = DIRECTION('',(1.,0.));
#1617 = ( GEOMETRIC_REPRESENTATION_CONTEXT(2) 
PARAMETRIC_REPRESENTATION_CONTEXT() REPRESENTATION_CONTEXT('2D SPACE',''
  ) );
#1618 = ORIENTED_EDGE('',*,*,#1482,.F.);
#1619 = ADVANCED_FACE('',(#1620),#1360,.F.);
#1620 = FACE_BOUND('',#1621,.F.);
#1621 = EDGE_LOOP('',(#1622,#1623,#1624,#1625));
#1622 = ORIENTED_EDGE('',*,*,#1344,.F.);
#1623 = ORIENTED_EDGE('',*,*,#1529,.T.);
#1624 = ORIENTED_EDGE('',*,*,#1459,.T.);
#1625 = ORIENTED_EDGE('',*,*,#1576,.F.);
#1626 = ADVANCED_FACE('',(#1627),#1414,.T.);
#1627 = FACE_BOUND('',#1628,.T.);
#1628 = EDGE_LOOP('',(#1629,#1630,#1631,#1632));
#1629 = ORIENTED_EDGE('',*,*,#1400,.F.);
#1630 = ORIENTED_EDGE('',*,*,#1551,.T.);
#1631 = ORIENTED_EDGE('',*,*,#1505,.T.);
#1632 = ORIENTED_EDGE('',*,*,#1598,.F.);
#1633 = ( GEOMETRIC_REPRESENTATION_CONTEXT(3) 
GLOBAL_UNCERTAINTY_ASSIGNED_CONTEXT((#1637)) 
GLOBAL_UNIT_ASSIGNED_CONTEXT((#1634,#1635,#1636)) REPRESENTATION_CONTEXT
('Context #1','3D Context with UNIT and UNCERTAINTY') );
#1634 = ( LENGTH_UNIT() NAMED_UNIT(*) SI_UNIT(.MILLI.,.METRE.) );
#1635 = ( NAMED_UNIT(*) PLANE_ANGLE_UNIT() SI_UNIT($,.RADIAN.) );
#1636 = ( NAMED_UNIT(*) SI_UNIT($,.STERADIAN.) SOLID_ANGLE_UNIT() );
#1637 = UNCERTAINTY_MEASURE_WITH_UNIT(LENGTH_MEASURE(1.E-07),#1634,
  'distance_accuracy_value','confusion accuracy');
#1638 = CONTEXT_DEPENDENT_SHAPE_REPRESENTATION(#1639,#1641);
#1639 = ( REPRESENTATION_RELATIONSHIP('','',#1302,#10) 
REPRESENTATION_RELATIONSHIP_WITH_TRANSFORMATION(#1640) 
SHAPE_REPRESENTATION_RELATIONSHIP() );
#1640 = ITEM_DEFINED_TRANSFORMATION('','',#11,#19);
#1641 = PRODUCT_DEFINITION_SHAPE('Placement','Placement of an item',
  #1642);
#1642 = NEXT_ASSEMBLY_USAGE_OCCURRENCE('27','=>[0:1:1:3]','',#5,#1297,$
  );
#1643 = PRODUCT_RELATED_PRODUCT_CATEGORY('part',$,(#1299));
#1644 = SHAPE_DEFINITION_REPRESENTATION(#1645,#1651);
#1645 = PRODUCT_DEFINITION_SHAPE('','',#1646);
#1646 = PRODUCT_DEFINITION('design','',#1647,#1650);
#1647 = PRODUCT_DEFINITION_FORMATION('','',#1648);
#1648 = PRODUCT('COMPOUND','COMPOUND','',(#1649));
#1649 = PRODUCT_CONTEXT('',#2,'mechanical');
#1650 = PRODUCT_DEFINITION_CONTEXT('part definition',#2,'design');
#1651 = ADVANCED_BREP_SHAPE_REPRESENTATION('',(#11,#1652),#2112);
#1652 = MANIFOLD_SOLID_BREP('',#1653);
#1653 = CLOSED_SHELL('',(#1654,#1949,#2074,#2099,#2103,#2108));
#1654 = ADVANCED_FACE('',(#1655),#1669,.T.);
#1655 = FACE_BOUND('',#1656,.T.);
#1656 = EDGE_LOOP('',(#1657,#1687,#1714,#1715,#1830,#1859));
#1657 = ORIENTED_EDGE('',*,*,#1658,.T.);
#1658 = EDGE_CURVE('',#1659,#1661,#1663,.T.);
#1659 = VERTEX_POINT('',#1660);
#1660 = CARTESIAN_POINT('',(-595.,400.81000784275,651.));
#1661 = VERTEX_POINT('',#1662);
#1662 = CARTESIAN_POINT('',(-595.,400.81000784275,755.));
#1663 = SEAM_CURVE('',#1664,(#1668,#1680),.PCURVE_S1.);
#1664 = LINE('',#1665,#1666);
#1665 = CARTESIAN_POINT('',(-595.,400.81000784275,645.));
#1666 = VECTOR('',#1667,1.);
#1667 = DIRECTION('',(0.,0.,1.));
#1668 = PCURVE('',#1669,#1674);
#1669 = CYLINDRICAL_SURFACE('',#1670,45.);
#1670 = AXIS2_PLACEMENT_3D('',#1671,#1672,#1673);
#1671 = CARTESIAN_POINT('',(-640.,400.81000784275,645.));
#1672 = DIRECTION('',(0.,0.,1.));
#1673 = DIRECTION('',(1.,0.,-0.));
#1674 = DEFINITIONAL_REPRESENTATION('',(#1675),#1679);
#1675 = LINE('',#1676,#1677);
#1676 = CARTESIAN_POINT('',(6.28318530718,-0.));
#1677 = VECTOR('',#1678,1.);
#1678 = DIRECTION('',(0.,1.));
#1679 = ( GEOMETRIC_REPRESENTATION_CONTEXT(2) 
PARAMETRIC_REPRESENTATION_CONTEXT() REPRESENTATION_CONTEXT('2D SPACE',''
  ) );
#1680 = PCURVE('',#1669,#1681);
#1681 = DEFINITIONAL_REPRESENTATION('',(#1682),#1686);
#1682 = LINE('',#1683,#1684);
#1683 = CARTESIAN_POINT('',(0.,-0.));
#1684 = VECTOR('',#1685,1.);
#1685 = DIRECTION('',(0.,1.));
#1686 = ( GEOMETRIC_REPRESENTATION_CONTEXT(2) 
PARAMETRIC_REPRESENTATION_CONTEXT() REPRESENTATION_CONTEXT('2D SPACE',''
  ) );
#1687 = ORIENTED_EDGE('',*,*,#1688,.F.);
#1688 = EDGE_CURVE('',#1661,#1661,#1689,.T.);
#1689 = SURFACE_CURVE('',#1690,(#1695,#1702),.PCURVE_S1.);
#1690 = CIRCLE('',#1691,45.);
#1691 = AXIS2_PLACEMENT_3D('',#1692,#1693,#1694);
#1692 = CARTESIAN_POINT('',(-640.,400.81000784275,755.));
#1693 = DIRECTION('',(0.,0.,1.));
#1694 = DIRECTION('',(1.,0.,-0.));
#1695 = PCURVE('',#1669,#1696);
#1696 = DEFINITIONAL_REPRESENTATION('',(#1697),#1701);
#1697 = LINE('',#1698,#1699);
#1698 = CARTESIAN_POINT('',(0.,110.));
#1699 = VECTOR('',#1700,1.);
#1700 = DIRECTION('',(1.,0.));
#1701 = ( GEOMETRIC_REPRESENTATION_CONTEXT(2) 
PARAMETRIC_REPRESENTATION_CONTEXT() REPRESENTATION_CONTEXT('2D SPACE',''
  ) );
#1702 = PCURVE('',#1703,#1708);
#1703 = PLANE('',#1704);
#1704 = AXIS2_PLACEMENT_3D('',#1705,#1706,#1707);
#1705 = CARTESIAN_POINT('',(-640.,400.81000784275,755.));
#1706 = DIRECTION('',(0.,0.,1.));
#1707 = DIRECTION('',(1.,0.,-0.));
#1708 = DEFINITIONAL_REPRESENTATION('',(#1709),#1713);
#1709 = CIRCLE('',#1710,45.);
#1710 = AXIS2_PLACEMENT_2D('',#1711,#1712);
#1711 = CARTESIAN_POINT('',(0.,0.));
#1712 = DIRECTION('',(1.,0.));
#1713 = ( GEOMETRIC_REPRESENTATION_CONTEXT(2) 
PARAMETRIC_REPRESENTATION_CONTEXT() REPRESENTATION_CONTEXT('2D SPACE',''
  ) );
#1714 = ORIENTED_EDGE('',*,*,#1658,.F.);
#1715 = ORIENTED_EDGE('',*,*,#1716,.F.);
#1716 = EDGE_CURVE('',#1717,#1659,#1719,.T.);
#1717 = VERTEX_POINT('',#1718);
#1718 = CARTESIAN_POINT('',(-595.401793758,406.81000784275,645.));
#1719 = SURFACE_CURVE('',#1720,(#1753,#1789),.PCURVE_S1.);
#1720 = B_SPLINE_CURVE_WITH_KNOTS('',7,(#1721,#1722,#1723,#1724,#1725,
    #1726,#1727,#1728,#1729,#1730,#1731,#1732,#1733,#1734,#1735,#1736,
    #1737,#1738,#1739,#1740,#1741,#1742,#1743,#1744,#1745,#1746,#1747,
    #1748,#1749,#1750,#1751,#1752),.UNSPECIFIED.,.F.,.F.,(8,6,6,6,6,8),(
    0.,2.947493248992E-07,0.527574061153,0.690652944114,0.810996827453,
    1.),.UNSPECIFIED.);
#1721 = CARTESIAN_POINT('',(-595.401793758,406.81000784274,
    644.99999760095));
#1722 = CARTESIAN_POINT('',(-595.401793758,406.81000784275,
    644.99999794373));
#1723 = CARTESIAN_POINT('',(-595.401793758,406.81000784275,
    644.99999828623));
#1724 = CARTESIAN_POINT('',(-595.401793758,406.81000784275,
    644.99999862873));
#1725 = CARTESIAN_POINT('',(-595.401793758,406.81000784275,
    644.9999989714));
#1726 = CARTESIAN_POINT('',(-595.401793758,406.81000784275,
    644.99999931426));
#1727 = CARTESIAN_POINT('',(-595.401793758,406.81000784275,
    644.99999965721));
#1728 = CARTESIAN_POINT('',(-595.401793758,406.81000784275,
    645.61355664989));
#1729 = CARTESIAN_POINT('',(-595.3919460921,406.73680862812,
    646.22617865432));
#1730 = CARTESIAN_POINT('',(-595.3723039755,406.5908138518,
    646.83334122434));
#1731 = CARTESIAN_POINT('',(-595.343372878,406.37002707904,
    647.43013251264));
#1732 = CARTESIAN_POINT('',(-595.3061616679,406.07071435436,
    648.00971605252));
#1733 = CARTESIAN_POINT('',(-595.2626311719,405.68777480116,
    648.5623795975));
#1734 = CARTESIAN_POINT('',(-595.2018623174,405.07009444291,
    649.23058244447));
#1735 = CARTESIAN_POINT('',(-595.1872312645,404.91569030251,
    649.38439158609));
#1736 = CARTESIAN_POINT('',(-595.1724231393,404.75260790129,
    649.53372359867));
#1737 = CARTESIAN_POINT('',(-595.1575579043,404.58073912227,
    649.67802357817));
#1738 = CARTESIAN_POINT('',(-595.1427704033,404.39999719842,
    649.81668447883));
#1739 = CARTESIAN_POINT('',(-595.1282103453,404.21032360273,
    649.94904157621));
#1740 = CARTESIAN_POINT('',(-595.1035869852,403.8651171325,
    650.16685063815));
#1741 = CARTESIAN_POINT('',(-595.0933434489,403.71363919119,
    650.25551989046));
#1742 = CARTESIAN_POINT('',(-595.0833852115,403.5573534321,650.340013924
    ));
#1743 = CARTESIAN_POINT('',(-595.0737885599,403.39637306547,
    650.41997563223));
#1744 = CARTESIAN_POINT('',(-595.0646312043,403.23083221192,
    650.49505144269));
#1745 = CARTESIAN_POINT('',(-595.0559909463,403.06088592023,
    650.56489119444));
#1746 = CARTESIAN_POINT('',(-595.0353069566,402.61316270124,
    650.73006501028));
#1747 = CARTESIAN_POINT('',(-595.0241092315,402.32864971413,
    650.81740827289));
#1748 = CARTESIAN_POINT('',(-595.0147118722,402.03495492934,
    650.8893031818));
#1749 = CARTESIAN_POINT('',(-595.007426422,401.73406714651,
    650.94430274201));
#1750 = CARTESIAN_POINT('',(-595.0024808932,401.42812341627,
    650.98139291816));
#1751 = CARTESIAN_POINT('',(-595.,401.11935095856,651.));
#1752 = CARTESIAN_POINT('',(-595.,400.81000784275,651.));
#1753 = PCURVE('',#1669,#1754);
#1754 = DEFINITIONAL_REPRESENTATION('',(#1755),#1788);
#1755 = B_SPLINE_CURVE_WITH_KNOTS('',7,(#1756,#1757,#1758,#1759,#1760,
    #1761,#1762,#1763,#1764,#1765,#1766,#1767,#1768,#1769,#1770,#1771,
    #1772,#1773,#1774,#1775,#1776,#1777,#1778,#1779,#1780,#1781,#1782,
    #1783,#1784,#1785,#1786,#1787),.UNSPECIFIED.,.F.,.F.,(8,6,6,6,6,8),(
    0.,2.947493248992E-07,0.527574061153,0.690652944114,0.810996827453,
    1.),.UNSPECIFIED.);
#1756 = CARTESIAN_POINT('',(0.13373158941,-2.4E-06));
#1757 = CARTESIAN_POINT('',(0.13373158941,-2.05721520065E-06));
#1758 = CARTESIAN_POINT('',(0.13373158941,-1.714109982306E-06));
#1759 = CARTESIAN_POINT('',(0.13373158941,-1.371011399116E-06));
#1760 = CARTESIAN_POINT('',(0.13373158941,-1.028097233808E-06));
#1761 = CARTESIAN_POINT('',(0.13373158941,-6.853959976862E-07));
#1762 = CARTESIAN_POINT('',(0.13373158941,-3.427869306312E-07));
#1763 = CARTESIAN_POINT('',(0.13373158941,0.613556649893));
#1764 = CARTESIAN_POINT('',(0.132090286852,1.226178654328));
#1765 = CARTESIAN_POINT('',(0.128816721878,1.833341224348));
#1766 = CARTESIAN_POINT('',(0.123868452168,2.430132512646));
#1767 = CARTESIAN_POINT('',(0.117166147373,3.009716052524));
#1768 = CARTESIAN_POINT('',(0.108602553128,3.562379597504));
#1769 = CARTESIAN_POINT('',(9.481005420677E-02,4.230582444478));
#1770 = CARTESIAN_POINT('',(9.136350326452E-02,4.384391586093));
#1771 = CARTESIAN_POINT('',(8.772458665643E-02,4.533723598678));
#1772 = CARTESIAN_POINT('',(8.389108891525E-02,4.678023578173));
#1773 = CARTESIAN_POINT('',(7.986125905025E-02,4.816684478831));
#1774 = CARTESIAN_POINT('',(7.563395139318E-02,4.949041576218));
#1775 = CARTESIAN_POINT('',(6.79432060505E-02,5.166850638157));
#1776 = CARTESIAN_POINT('',(6.456936444007E-02,5.255519890467));
#1777 = CARTESIAN_POINT('',(6.108934766511E-02,5.340013924003));
#1778 = CARTESIAN_POINT('',(5.750571148284E-02,5.419975632232));
#1779 = CARTESIAN_POINT('',(5.382145886882E-02,5.495051442692));
#1780 = CARTESIAN_POINT('',(5.004003753028E-02,5.564891194447));
#1781 = CARTESIAN_POINT('',(4.008002096387E-02,5.730065010288));
#1782 = CARTESIAN_POINT('',(3.375276238258E-02,5.817408272895));
#1783 = CARTESIAN_POINT('',(2.722316092109E-02,5.889303181808));
#1784 = CARTESIAN_POINT('',(2.053518092514E-02,5.944302742014));
#1785 = CARTESIAN_POINT('',(1.373590195649E-02,5.981392918167));
#1786 = CARTESIAN_POINT('',(6.874291462584E-03,6.));
#1787 = CARTESIAN_POINT('',(0.,6.));
#1788 = ( GEOMETRIC_REPRESENTATION_CONTEXT(2) 
PARAMETRIC_REPRESENTATION_CONTEXT() REPRESENTATION_CONTEXT('2D SPACE',''
  ) );
#1789 = PCURVE('',#1790,#1795);
#1790 = CYLINDRICAL_SURFACE('',#1791,6.);
#1791 = AXIS2_PLACEMENT_3D('',#1792,#1793,#1794);
#1792 = CARTESIAN_POINT('',(-640.,400.81000784275,645.));
#1793 = DIRECTION('',(1.,0.,0.));
#1794 = DIRECTION('',(-0.,0.,1.));
#1795 = DEFINITIONAL_REPRESENTATION('',(#1796),#1829);
#1796 = B_SPLINE_CURVE_WITH_KNOTS('',7,(#1797,#1798,#1799,#1800,#1801,
    #1802,#1803,#1804,#1805,#1806,#1807,#1808,#1809,#1810,#1811,#1812,
    #1813,#1814,#1815,#1816,#1817,#1818,#1819,#1820,#1821,#1822,#1823,
    #1824,#1825,#1826,#1827,#1828),.UNSPECIFIED.,.F.,.F.,(8,6,6,6,6,8),(
    0.,2.947493248992E-07,0.527574061153,0.690652944114,0.810996827453,
    1.),.UNSPECIFIED.);
#1797 = CARTESIAN_POINT('',(4.712388580702,44.598206241956));
#1798 = CARTESIAN_POINT('',(4.712388637833,44.598206241956));
#1799 = CARTESIAN_POINT('',(4.712388694813,44.598206241956));
#1800 = CARTESIAN_POINT('',(4.712388751797,44.598206241956));
#1801 = CARTESIAN_POINT('',(4.712388808868,44.598206241956));
#1802 = CARTESIAN_POINT('',(4.712388866039,44.598206241956));
#1803 = CARTESIAN_POINT('',(4.712388923254,44.598206241956));
#1804 = CARTESIAN_POINT('',(4.814648422034,44.598206241956));
#1805 = CARTESIAN_POINT('',(4.916751886416,44.608053907864));
#1806 = CARTESIAN_POINT('',(5.019693205076,44.627696024439));
#1807 = CARTESIAN_POINT('',(5.124371881083,44.656627121933));
#1808 = CARTESIAN_POINT('',(5.231705376761,44.693838332011));
#1809 = CARTESIAN_POINT('',(5.342667848562,44.737368828013));
#1810 = CARTESIAN_POINT('',(5.494327561741,44.798137682528));
#1811 = CARTESIAN_POINT('',(5.530620046207,44.812768735495));
#1812 = CARTESIAN_POINT('',(5.567421511987,44.827576860681));
#1813 = CARTESIAN_POINT('',(5.604760195541,44.842442095667));
#1814 = CARTESIAN_POINT('',(5.642666389848,44.857229596623));
#1815 = CARTESIAN_POINT('',(5.681173087436,44.871789654666));
#1816 = CARTESIAN_POINT('',(5.749202552977,44.896413014785));
#1817 = CARTESIAN_POINT('',(5.778439931401,44.906656551028));
#1818 = CARTESIAN_POINT('',(5.808023052934,44.916614788478));
#1819 = CARTESIAN_POINT('',(5.837947850185,44.926211440065));
#1820 = CARTESIAN_POINT('',(5.868211891069,44.935368795665));
#1821 = CARTESIAN_POINT('',(5.898814375762,44.944009053652));
#1822 = CARTESIAN_POINT('',(5.978350962428,44.964693043386));
#1823 = CARTESIAN_POINT('',(6.027877393272,44.975890768464));
#1824 = CARTESIAN_POINT('',(6.078135830414,44.985288127784));
#1825 = CARTESIAN_POINT('',(6.128951568167,44.992573577928));
#1826 = CARTESIAN_POINT('',(6.180166048476,44.99751910674));
#1827 = CARTESIAN_POINT('',(6.23162812121,45.));
#1828 = CARTESIAN_POINT('',(6.28318530718,45.));
#1829 = ( GEOMETRIC_REPRESENTATION_CONTEXT(2) 
PARAMETRIC_REPRESENTATION_CONTEXT() REPRESENTATION_CONTEXT('2D SPACE',''
  ) );
#1830 = ORIENTED_EDGE('',*,*,#1831,.T.);
#1831 = EDGE_CURVE('',#1717,#1832,#1834,.T.);
#1832 = VERTEX_POINT('',#1833);
#1833 = CARTESIAN_POINT('',(-595.401793758,394.81000784275,645.));
#1834 = SURFACE_CURVE('',#1835,(#1840,#1847),.PCURVE_S1.);
#1835 = CIRCLE('',#1836,45.);
#1836 = AXIS2_PLACEMENT_3D('',#1837,#1838,#1839);
#1837 = CARTESIAN_POINT('',(-640.,400.81000784275,645.));
#1838 = DIRECTION('',(0.,0.,1.));
#1839 = DIRECTION('',(1.,0.,-0.));
#1840 = PCURVE('',#1669,#1841);
#1841 = DEFINITIONAL_REPRESENTATION('',(#1842),#1846);
#1842 = LINE('',#1843,#1844);
#1843 = CARTESIAN_POINT('',(0.,0.));
#1844 = VECTOR('',#1845,1.);
#1845 = DIRECTION('',(1.,0.));
#1846 = ( GEOMETRIC_REPRESENTATION_CONTEXT(2) 
PARAMETRIC_REPRESENTATION_CONTEXT() REPRESENTATION_CONTEXT('2D SPACE',''
  ) );
#1847 = PCURVE('',#1848,#1853);
#1848 = PLANE('',#1849);
#1849 = AXIS2_PLACEMENT_3D('',#1850,#1851,#1852);
#1850 = CARTESIAN_POINT('',(-640.,400.81000784275,645.));
#1851 = DIRECTION('',(0.,0.,1.));
#1852 = DIRECTION('',(1.,0.,-0.));
#1853 = DEFINITIONAL_REPRESENTATION('',(#1854),#1858);
#1854 = CIRCLE('',#1855,45.);
#1855 = AXIS2_PLACEMENT_2D('',#1856,#1857);
#1856 = CARTESIAN_POINT('',(0.,0.));
#1857 = DIRECTION('',(1.,0.));
#1858 = ( GEOMETRIC_REPRESENTATION_CONTEXT(2) 
PARAMETRIC_REPRESENTATION_CONTEXT() REPRESENTATION_CONTEXT('2D SPACE',''
  ) );
#1859 = ORIENTED_EDGE('',*,*,#1860,.F.);
#1860 = EDGE_CURVE('',#1659,#1832,#1861,.T.);
#1861 = SURFACE_CURVE('',#1862,(#1889,#1919),.PCURVE_S1.);
#1862 = B_SPLINE_CURVE_WITH_KNOTS('',7,(#1863,#1864,#1865,#1866,#1867,
    #1868,#1869,#1870,#1871,#1872,#1873,#1874,#1875,#1876,#1877,#1878,
    #1879,#1880,#1881,#1882,#1883,#1884,#1885,#1886,#1887,#1888),
  .UNSPECIFIED.,.F.,.F.,(8,6,6,6,8),(0.,0.240243306772,0.438330807004,
    0.999999723553,1.),.UNSPECIFIED.);
#1863 = CARTESIAN_POINT('',(-595.,400.81000784275,651.));
#1864 = CARTESIAN_POINT('',(-595.,400.41573576394,651.));
#1865 = CARTESIAN_POINT('',(-595.004029978,400.02314837877,
    650.96977319139));
#1866 = CARTESIAN_POINT('',(-595.0120291245,399.63649595065,
    650.90978629086));
#1867 = CARTESIAN_POINT('',(-595.0236747747,399.25991743876,
    650.82149310122));
#1868 = CARTESIAN_POINT('',(-595.0384086232,398.89727632981,
    650.70730333188));
#1869 = CARTESIAN_POINT('',(-595.055507269,398.55200266493,
    650.57055804197));
#1870 = CARTESIAN_POINT('',(-595.089607385,397.95891880743,
    650.2876715531));
#1871 = CARTESIAN_POINT('',(-595.1061556704,397.70366229415,
    650.14692405822));
#1872 = CARTESIAN_POINT('',(-595.1235092639,397.46140092077,
    649.99475186992));
#1873 = CARTESIAN_POINT('',(-595.1413575438,397.23225047867,
    649.8325264612));
#1874 = CARTESIAN_POINT('',(-595.159416365,397.01622971095,
    649.66151925577));
#1875 = CARTESIAN_POINT('',(-595.1774324742,396.81327667143,
    649.48291275429));
#1876 = CARTESIAN_POINT('',(-595.2455327718,396.08449508312,
    648.77296516263));
#1877 = CARTESIAN_POINT('',(-595.2939224941,395.64824613828,
    648.19441829918));
#1878 = CARTESIAN_POINT('',(-595.3357480563,395.30829353025,
    647.58253464324));
#1879 = CARTESIAN_POINT('',(-595.3684120299,395.05812547433,
    646.94976329719));
#1880 = CARTESIAN_POINT('',(-595.3906410465,394.89290885055,
    646.30463120649));
#1881 = CARTESIAN_POINT('',(-595.4017937602,394.81000782643,
    645.65295134806));
#1882 = CARTESIAN_POINT('',(-595.401793758,394.81000784275,
    644.99999952874));
#1883 = CARTESIAN_POINT('',(-595.401793758,394.81000784275,
    644.9999992072));
#1884 = CARTESIAN_POINT('',(-595.401793758,394.81000784275,
    644.99999888575));
#1885 = CARTESIAN_POINT('',(-595.401793758,394.81000784275,
    644.99999856449));
#1886 = CARTESIAN_POINT('',(-595.401793758,394.81000784275,
    644.9999982434));
#1887 = CARTESIAN_POINT('',(-595.401793758,394.81000784275,
    644.99999792232));
#1888 = CARTESIAN_POINT('',(-595.401793758,394.81000784275,
    644.99999760095));
#1889 = PCURVE('',#1669,#1890);
#1890 = DEFINITIONAL_REPRESENTATION('',(#1891),#1918);
#1891 = B_SPLINE_CURVE_WITH_KNOTS('',7,(#1892,#1893,#1894,#1895,#1896,
    #1897,#1898,#1899,#1900,#1901,#1902,#1903,#1904,#1905,#1906,#1907,
    #1908,#1909,#1910,#1911,#1912,#1913,#1914,#1915,#1916,#1917),
  .UNSPECIFIED.,.F.,.F.,(8,6,6,6,8),(0.,0.240243306772,0.438330807004,
    0.999999723553,1.),.UNSPECIFIED.);
#1892 = CARTESIAN_POINT('',(6.28318530718,6.));
#1893 = CARTESIAN_POINT('',(6.274423705428,6.));
#1894 = CARTESIAN_POINT('',(6.265699540241,5.969773191395));
#1895 = CARTESIAN_POINT('',(6.257106169569,5.909786290865));
#1896 = CARTESIAN_POINT('',(6.248734497789,5.821493101225));
#1897 = CARTESIAN_POINT('',(6.240669684311,5.707303331886));
#1898 = CARTESIAN_POINT('',(6.232987775296,5.570558041973));
#1899 = CARTESIAN_POINT('',(6.219786367217,5.287671553106));
#1900 = CARTESIAN_POINT('',(6.214102244293,5.146924058228));
#1901 = CARTESIAN_POINT('',(6.208705051592,4.994751869928));
#1902 = CARTESIAN_POINT('',(6.203597556161,4.8325264612));
#1903 = CARTESIAN_POINT('',(6.198780455212,4.661519255771));
#1904 = CARTESIAN_POINT('',(6.194252701149,4.482912754294));
#1905 = CARTESIAN_POINT('',(6.177987002119,3.772965162638));
#1906 = CARTESIAN_POINT('',(6.168234582614,3.194418299181));
#1907 = CARTESIAN_POINT('',(6.160623537654,2.582534643243));
#1908 = CARTESIAN_POINT('',(6.15501712741,1.949763297193));
#1909 = CARTESIAN_POINT('',(6.151312557197,1.304631206497));
#1910 = CARTESIAN_POINT('',(6.149453717404,0.652951348063));
#1911 = CARTESIAN_POINT('',(6.14945371777,-4.712564152156E-07));
#1912 = CARTESIAN_POINT('',(6.14945371777,-7.924539007637E-07));
#1913 = CARTESIAN_POINT('',(6.14945371777,-1.113743558192E-06));
#1914 = CARTESIAN_POINT('',(6.14945371777,-1.435246150602E-06));
#1915 = CARTESIAN_POINT('',(6.14945371777,-1.75693316318E-06));
#1916 = CARTESIAN_POINT('',(6.14945371777,-2.078626803195E-06));
#1917 = CARTESIAN_POINT('',(6.14945371777,-2.4E-06));
#1918 = ( GEOMETRIC_REPRESENTATION_CONTEXT(2) 
PARAMETRIC_REPRESENTATION_CONTEXT() REPRESENTATION_CONTEXT('2D SPACE',''
  ) );
#1919 = PCURVE('',#1790,#1920);
#1920 = DEFINITIONAL_REPRESENTATION('',(#1921),#1948);
#1921 = B_SPLINE_CURVE_WITH_KNOTS('',7,(#1922,#1923,#1924,#1925,#1926,
    #1927,#1928,#1929,#1930,#1931,#1932,#1933,#1934,#1935,#1936,#1937,
    #1938,#1939,#1940,#1941,#1942,#1943,#1944,#1945,#1946,#1947),
  .UNSPECIFIED.,.F.,.F.,(8,6,6,6,8),(0.,0.240243306772,0.438330807004,
    0.999999723553,1.),.UNSPECIFIED.);
#1922 = CARTESIAN_POINT('',(-8.881784197001E-16,45.));
#1923 = CARTESIAN_POINT('',(6.571201313497E-02,45.));
#1924 = CARTESIAN_POINT('',(0.131143229049,44.995970021993));
#1925 = CARTESIAN_POINT('',(0.196048830664,44.987970875499));
#1926 = CARTESIAN_POINT('',(0.26018427804,44.976325225295));
#1927 = CARTESIAN_POINT('',(0.323283294775,44.961591376766));
#1928 = CARTESIAN_POINT('',(0.385034824758,44.944492730947));
#1929 = CARTESIAN_POINT('',(0.494550580551,44.910392614917));
#1930 = CARTESIAN_POINT('',(0.543048095202,44.89384432952));
#1931 = CARTESIAN_POINT('',(0.590608011465,44.876490736021));
#1932 = CARTESIAN_POINT('',(0.637277558457,44.858642456112));
#1933 = CARTESIAN_POINT('',(0.683096167397,44.840583634928));
#1934 = CARTESIAN_POINT('',(0.728096952859,44.822567525787));
#1935 = CARTESIAN_POINT('',(0.897667340274,44.754467228152));
#1936 = CARTESIAN_POINT('',(1.017032983618,44.706077505879));
#1937 = CARTESIAN_POINT('',(1.131993157556,44.66425194364));
#1938 = CARTESIAN_POINT('',(1.243729342631,44.63158797001));
#1939 = CARTESIAN_POINT('',(1.353358150539,44.609358953491));
#1940 = CARTESIAN_POINT('',(1.461971102118,44.598206239761));
#1941 = CARTESIAN_POINT('',(1.570796405338,44.598206241956));
#1942 = CARTESIAN_POINT('',(1.570796458984,44.598206241956));
#1943 = CARTESIAN_POINT('',(1.570796512586,44.598206241956));
#1944 = CARTESIAN_POINT('',(1.570796566089,44.598206241956));
#1945 = CARTESIAN_POINT('',(1.570796619504,44.598206241956));
#1946 = CARTESIAN_POINT('',(1.570796672916,44.598206241956));
#1947 = CARTESIAN_POINT('',(1.570796726478,44.598206241956));
#1948 = ( GEOMETRIC_REPRESENTATION_CONTEXT(2) 
PARAMETRIC_REPRESENTATION_CONTEXT() REPRESENTATION_CONTEXT('2D SPACE',''
  ) );
#1949 = ADVANCED_FACE('',(#1950),#1790,.T.);
#1950 = FACE_BOUND('',#1951,.T.);
#1951 = EDGE_LOOP('',(#1952,#1975,#2002,#2003,#2004,#2025,#2054,#2073));
#1952 = ORIENTED_EDGE('',*,*,#1953,.T.);
#1953 = EDGE_CURVE('',#1659,#1954,#1956,.T.);
#1954 = VERTEX_POINT('',#1955);
#1955 = CARTESIAN_POINT('',(-550.,400.81000784275,651.));
#1956 = SEAM_CURVE('',#1957,(#1961,#1968),.PCURVE_S1.);
#1957 = LINE('',#1958,#1959);
#1958 = CARTESIAN_POINT('',(-640.,400.81000784275,651.));
#1959 = VECTOR('',#1960,1.);
#1960 = DIRECTION('',(1.,0.,0.));
#1961 = PCURVE('',#1790,#1962);
#1962 = DEFINITIONAL_REPRESENTATION('',(#1963),#1967);
#1963 = LINE('',#1964,#1965);
#1964 = CARTESIAN_POINT('',(6.28318530718,-0.));
#1965 = VECTOR('',#1966,1.);
#1966 = DIRECTION('',(0.,1.));
#1967 = ( GEOMETRIC_REPRESENTATION_CONTEXT(2) 
PARAMETRIC_REPRESENTATION_CONTEXT() REPRESENTATION_CONTEXT('2D SPACE',''
  ) );
#1968 = PCURVE('',#1790,#1969);
#1969 = DEFINITIONAL_REPRESENTATION('',(#1970),#1974);
#1970 = LINE('',#1971,#1972);
#1971 = CARTESIAN_POINT('',(0.,-0.));
#1972 = VECTOR('',#1973,1.);
#1973 = DIRECTION('',(0.,1.));
#1974 = ( GEOMETRIC_REPRESENTATION_CONTEXT(2) 
PARAMETRIC_REPRESENTATION_CONTEXT() REPRESENTATION_CONTEXT('2D SPACE',''
  ) );
#1975 = ORIENTED_EDGE('',*,*,#1976,.F.);
#1976 = EDGE_CURVE('',#1954,#1954,#1977,.T.);
#1977 = SURFACE_CURVE('',#1978,(#1983,#1990),.PCURVE_S1.);
#1978 = CIRCLE('',#1979,6.);
#1979 = AXIS2_PLACEMENT_3D('',#1980,#1981,#1982);
#1980 = CARTESIAN_POINT('',(-550.,400.81000784275,645.));
#1981 = DIRECTION('',(1.,0.,0.));
#1982 = DIRECTION('',(-0.,0.,1.));
#1983 = PCURVE('',#1790,#1984);
#1984 = DEFINITIONAL_REPRESENTATION('',(#1985),#1989);
#1985 = LINE('',#1986,#1987);
#1986 = CARTESIAN_POINT('',(0.,90.));
#1987 = VECTOR('',#1988,1.);
#1988 = DIRECTION('',(1.,0.));
#1989 = ( GEOMETRIC_REPRESENTATION_CONTEXT(2) 
PARAMETRIC_REPRESENTATION_CONTEXT() REPRESENTATION_CONTEXT('2D SPACE',''
  ) );
#1990 = PCURVE('',#1991,#1996);
#1991 = PLANE('',#1992);
#1992 = AXIS2_PLACEMENT_3D('',#1993,#1994,#1995);
#1993 = CARTESIAN_POINT('',(-550.,400.81000784275,645.));
#1994 = DIRECTION('',(1.,0.,0.));
#1995 = DIRECTION('',(-0.,0.,1.));
#1996 = DEFINITIONAL_REPRESENTATION('',(#1997),#2001);
#1997 = CIRCLE('',#1998,6.);
#1998 = AXIS2_PLACEMENT_2D('',#1999,#2000);
#1999 = CARTESIAN_POINT('',(0.,0.));
#2000 = DIRECTION('',(1.,0.));
#2001 = ( GEOMETRIC_REPRESENTATION_CONTEXT(2) 
PARAMETRIC_REPRESENTATION_CONTEXT() REPRESENTATION_CONTEXT('2D SPACE',''
  ) );
#2002 = ORIENTED_EDGE('',*,*,#1953,.F.);
#2003 = ORIENTED_EDGE('',*,*,#1860,.T.);
#2004 = ORIENTED_EDGE('',*,*,#2005,.F.);
#2005 = EDGE_CURVE('',#2006,#1832,#2008,.T.);
#2006 = VERTEX_POINT('',#2007);
#2007 = CARTESIAN_POINT('',(-640.,394.81000784275,645.));
#2008 = SURFACE_CURVE('',#2009,(#2013,#2019),.PCURVE_S1.);
#2009 = LINE('',#2010,#2011);
#2010 = CARTESIAN_POINT('',(-640.,394.81000784275,645.));
#2011 = VECTOR('',#2012,1.);
#2012 = DIRECTION('',(1.,0.,0.));
#2013 = PCURVE('',#1790,#2014);
#2014 = DEFINITIONAL_REPRESENTATION('',(#2015),#2018);
#2015 = B_SPLINE_CURVE_WITH_KNOTS('',1,(#2016,#2017),.UNSPECIFIED.,.F.,
  .F.,(2,2),(-2.399999971203E-06,54.),.PIECEWISE_BEZIER_KNOTS.);
#2016 = CARTESIAN_POINT('',(1.570796326795,-2.399999971203E-06));
#2017 = CARTESIAN_POINT('',(1.570796326795,54.));
#2018 = ( GEOMETRIC_REPRESENTATION_CONTEXT(2) 
PARAMETRIC_REPRESENTATION_CONTEXT() REPRESENTATION_CONTEXT('2D SPACE',''
  ) );
#2019 = PCURVE('',#1848,#2020);
#2020 = DEFINITIONAL_REPRESENTATION('',(#2021),#2024);
#2021 = B_SPLINE_CURVE_WITH_KNOTS('',1,(#2022,#2023),.UNSPECIFIED.,.F.,
  .F.,(2,2),(-2.399999971203E-06,54.),.PIECEWISE_BEZIER_KNOTS.);
#2022 = CARTESIAN_POINT('',(-2.399999971203E-06,-6.));
#2023 = CARTESIAN_POINT('',(54.,-6.));
#2024 = ( GEOMETRIC_REPRESENTATION_CONTEXT(2) 
PARAMETRIC_REPRESENTATION_CONTEXT() REPRESENTATION_CONTEXT('2D SPACE',''
  ) );
#2025 = ORIENTED_EDGE('',*,*,#2026,.T.);
#2026 = EDGE_CURVE('',#2006,#2027,#2029,.T.);
#2027 = VERTEX_POINT('',#2028);
#2028 = CARTESIAN_POINT('',(-640.,406.81000784275,645.));
#2029 = SURFACE_CURVE('',#2030,(#2035,#2042),.PCURVE_S1.);
#2030 = CIRCLE('',#2031,6.);
#2031 = AXIS2_PLACEMENT_3D('',#2032,#2033,#2034);
#2032 = CARTESIAN_POINT('',(-640.,400.81000784275,645.));
#2033 = DIRECTION('',(1.,0.,0.));
#2034 = DIRECTION('',(-0.,0.,1.));
#2035 = PCURVE('',#1790,#2036);
#2036 = DEFINITIONAL_REPRESENTATION('',(#2037),#2041);
#2037 = LINE('',#2038,#2039);
#2038 = CARTESIAN_POINT('',(0.,0.));
#2039 = VECTOR('',#2040,1.);
#2040 = DIRECTION('',(1.,0.));
#2041 = ( GEOMETRIC_REPRESENTATION_CONTEXT(2) 
PARAMETRIC_REPRESENTATION_CONTEXT() REPRESENTATION_CONTEXT('2D SPACE',''
  ) );
#2042 = PCURVE('',#2043,#2048);
#2043 = PLANE('',#2044);
#2044 = AXIS2_PLACEMENT_3D('',#2045,#2046,#2047);
#2045 = CARTESIAN_POINT('',(-640.,400.81000784275,645.));
#2046 = DIRECTION('',(1.,0.,0.));
#2047 = DIRECTION('',(-0.,0.,1.));
#2048 = DEFINITIONAL_REPRESENTATION('',(#2049),#2053);
#2049 = CIRCLE('',#2050,6.);
#2050 = AXIS2_PLACEMENT_2D('',#2051,#2052);
#2051 = CARTESIAN_POINT('',(0.,0.));
#2052 = DIRECTION('',(1.,0.));
#2053 = ( GEOMETRIC_REPRESENTATION_CONTEXT(2) 
PARAMETRIC_REPRESENTATION_CONTEXT() REPRESENTATION_CONTEXT('2D SPACE',''
  ) );
#2054 = ORIENTED_EDGE('',*,*,#2055,.T.);
#2055 = EDGE_CURVE('',#2027,#1717,#2056,.T.);
#2056 = SURFACE_CURVE('',#2057,(#2061,#2067),.PCURVE_S1.);
#2057 = LINE('',#2058,#2059);
#2058 = CARTESIAN_POINT('',(-640.,406.81000784275,645.));
#2059 = VECTOR('',#2060,1.);
#2060 = DIRECTION('',(1.,0.,0.));
#2061 = PCURVE('',#1790,#2062);
#2062 = DEFINITIONAL_REPRESENTATION('',(#2063),#2066);
#2063 = B_SPLINE_CURVE_WITH_KNOTS('',1,(#2064,#2065),.UNSPECIFIED.,.F.,
  .F.,(2,2),(-2.399999971203E-06,54.),.PIECEWISE_BEZIER_KNOTS.);
#2064 = CARTESIAN_POINT('',(4.712388980385,-2.399999971203E-06));
#2065 = CARTESIAN_POINT('',(4.712388980385,54.));
#2066 = ( GEOMETRIC_REPRESENTATION_CONTEXT(2) 
PARAMETRIC_REPRESENTATION_CONTEXT() REPRESENTATION_CONTEXT('2D SPACE',''
  ) );
#2067 = PCURVE('',#1848,#2068);
#2068 = DEFINITIONAL_REPRESENTATION('',(#2069),#2072);
#2069 = B_SPLINE_CURVE_WITH_KNOTS('',1,(#2070,#2071),.UNSPECIFIED.,.F.,
  .F.,(2,2),(-2.399999971203E-06,54.),.PIECEWISE_BEZIER_KNOTS.);
#2070 = CARTESIAN_POINT('',(-2.399999971203E-06,6.));
#2071 = CARTESIAN_POINT('',(54.,6.));
#2072 = ( GEOMETRIC_REPRESENTATION_CONTEXT(2) 
PARAMETRIC_REPRESENTATION_CONTEXT() REPRESENTATION_CONTEXT('2D SPACE',''
  ) );
#2073 = ORIENTED_EDGE('',*,*,#1716,.T.);
#2074 = ADVANCED_FACE('',(#2075),#1848,.F.);
#2075 = FACE_BOUND('',#2076,.F.);
#2076 = EDGE_LOOP('',(#2077,#2078,#2079,#2080));
#2077 = ORIENTED_EDGE('',*,*,#2055,.T.);
#2078 = ORIENTED_EDGE('',*,*,#1831,.T.);
#2079 = ORIENTED_EDGE('',*,*,#2005,.F.);
#2080 = ORIENTED_EDGE('',*,*,#2081,.T.);
#2081 = EDGE_CURVE('',#2006,#2027,#2082,.T.);
#2082 = SURFACE_CURVE('',#2083,(#2087,#2093),.PCURVE_S1.);
#2083 = LINE('',#2084,#2085);
#2084 = CARTESIAN_POINT('',(-640.,400.81000784275,645.));
#2085 = VECTOR('',#2086,1.);
#2086 = DIRECTION('',(0.,1.,0.));
#2087 = PCURVE('',#1848,#2088);
#2088 = DEFINITIONAL_REPRESENTATION('',(#2089),#2092);
#2089 = B_SPLINE_CURVE_WITH_KNOTS('',1,(#2090,#2091),.UNSPECIFIED.,.F.,
  .F.,(2,2),(-6.,6.),.PIECEWISE_BEZIER_KNOTS.);
#2090 = CARTESIAN_POINT('',(0.,-6.));
#2091 = CARTESIAN_POINT('',(0.,6.));
#2092 = ( GEOMETRIC_REPRESENTATION_CONTEXT(2) 
PARAMETRIC_REPRESENTATION_CONTEXT() REPRESENTATION_CONTEXT('2D SPACE',''
  ) );
#2093 = PCURVE('',#2043,#2094);
#2094 = DEFINITIONAL_REPRESENTATION('',(#2095),#2098);
#2095 = B_SPLINE_CURVE_WITH_KNOTS('',1,(#2096,#2097),.UNSPECIFIED.,.F.,
  .F.,(2,2),(-6.,6.),.PIECEWISE_BEZIER_KNOTS.);
#2096 = CARTESIAN_POINT('',(0.,6.));
#2097 = CARTESIAN_POINT('',(0.,-6.));
#2098 = ( GEOMETRIC_REPRESENTATION_CONTEXT(2) 
PARAMETRIC_REPRESENTATION_CONTEXT() REPRESENTATION_CONTEXT('2D SPACE',''
  ) );
#2099 = ADVANCED_FACE('',(#2100),#1703,.T.);
#2100 = FACE_BOUND('',#2101,.T.);
#2101 = EDGE_LOOP('',(#2102));
#2102 = ORIENTED_EDGE('',*,*,#1688,.T.);
#2103 = ADVANCED_FACE('',(#2104),#2043,.F.);
#2104 = FACE_BOUND('',#2105,.F.);
#2105 = EDGE_LOOP('',(#2106,#2107));
#2106 = ORIENTED_EDGE('',*,*,#2081,.F.);
#2107 = ORIENTED_EDGE('',*,*,#2026,.T.);
#2108 = ADVANCED_FACE('',(#2109),#1991,.T.);
#2109 = FACE_BOUND('',#2110,.T.);
#2110 = EDGE_LOOP('',(#2111));
#2111 = ORIENTED_EDGE('',*,*,#1976,.T.);
#2112 = ( GEOMETRIC_REPRESENTATION_CONTEXT(3) 
GLOBAL_UNCERTAINTY_ASSIGNED_CONTEXT((#2116)) 
GLOBAL_UNIT_ASSIGNED_CONTEXT((#2113,#2114,#2115)) REPRESENTATION_CONTEXT
('Context #1','3D Context with UNIT and UNCERTAINTY') );
#2113 = ( LENGTH_UNIT() NAMED_UNIT(*) SI_UNIT(.MILLI.,.METRE.) );
#2114 = ( NAMED_UNIT(*) PLANE_ANGLE_UNIT() SI_UNIT($,.RADIAN.) );
#2115 = ( NAMED_UNIT(*) SI_UNIT($,.STERADIAN.) SOLID_ANGLE_UNIT() );
#2116 = UNCERTAINTY_MEASURE_WITH_UNIT(LENGTH_MEASURE(2.E-07),#2113,
  'distance_accuracy_value','confusion accuracy');
#2117 = CONTEXT_DEPENDENT_SHAPE_REPRESENTATION(#2118,#2120);
#2118 = ( REPRESENTATION_RELATIONSHIP('','',#1651,#10) 
REPRESENTATION_RELATIONSHIP_WITH_TRANSFORMATION(#2119) 
SHAPE_REPRESENTATION_RELATIONSHIP() );
#2119 = ITEM_DEFINED_TRANSFORMATION('','',#11,#23);
#2120 = PRODUCT_DEFINITION_SHAPE('Placement','Placement of an item',
  #2121);
#2121 = NEXT_ASSEMBLY_USAGE_OCCURRENCE('28','=>[0:1:1:4]','',#5,#1646,$
  );
#2122 = PRODUCT_RELATED_PRODUCT_CATEGORY('part',$,(#1648));
ENDSEC;
END-ISO-10303-21;
